id,date,department,severity,incident_text
1,2023-04-05,内科病棟,軽微,透析患者の体重測定で 0.5 kg の誤差があり再測定した
2,2023-04-12,内科病棟,軽微,配薬時にアスピリン 100 mg を 1 錠多く準備したが投与前に発見
3,2023-05-03,外科病棟,中等,手術後のドレーン抜去時期が指示と 1 日ずれた
4,2023-05-18,ICU,重大,人工呼吸器の設定変更が申し送りで漏れた
5,2023-06-02,内科病棟,軽微,血糖測定器の校正期限切れに気づかず測定した
6,2023-06-20,外科病棟,軽微,糖尿病患者の食事指示変更が看護記録に反映されていなかった
7,2023-07-01,透析室,軽微,HD 開始時のシャント肢取り違えに気づき是正
8,2023-07-15,透析室,中等,透析中の血圧低下に対応が遅れ 15 分後に対処
9,2023-08-05,内科病棟,軽微,心不全患者の水分制限指示が口頭のみで書面化されていなかった
10,2023-08-22,ICU,中等,敗血症疑いで抗菌薬投与開始時刻が 30 分遅れた
11,2023-09-10,外科病棟,軽微,術後せん妄患者の離床時に付き添いが不足した
12,2023-09-25,内科病棟,軽微,高血圧の薬剤変更後に血圧測定頻度を上げる指示が伝わっていなかった
13,2023-10-05,透析室,軽微,透析終了後の止血確認が不十分でテープを追加
14,2023-10-18,内科病棟,中等,糖尿病患者のインスリン単位を読み違え確認後に是正
15,2023-11-03,ICU,軽微,心房細動患者のワーファリン量が腎機能低下後も調整されていなかった
16,2023-11-20,救急外来,軽微,患者取り違えが受付で発生したが本人確認で是正
17,2023-12-08,外科病棟,軽微,手術室申し送り時に患者の既往歴が十分伝達されなかった
18,2023-12-25,内科病棟,軽微,COPD 患者の酸素流量設定が申し送りと異なっていた
19,2024-01-10,透析室,中等,HD 中の凝固異常で回路交換を実施
20,2024-01-25,ICU,重大,薬剤投与ポンプの流量設定ミスで一時高血糖になった
21,2024-02-05,内科病棟,軽微,心筋梗塞既往患者にNSAIDs の頓用指示が誤って出された
22,2024-02-20,外科病棟,軽微,術後患者の疼痛評価が時間通りに記録されていなかった
23,2024-03-05,透析室,軽微,腹膜透析液の加温が不足し患者が冷感を訴えた
24,2024-03-18,救急外来,中等,脳梗塞疑いの患者の画像検査オーダーが遅延
25,2024-04-02,内科病棟,軽微,肺炎患者の体温測定間隔が指示と違っていた
26,2024-04-20,ICU,軽微,人工呼吸器の加湿器の水位確認が抜けていた
27,2024-05-08,外科病棟,中等,感染症患者の個室隔離開始が 2 時間遅れた
28,2024-05-22,透析室,軽微,HD 患者の体重増加量計算を取り違えた
29,2024-06-03,内科病棟,軽微,糖尿病と高血圧合併患者の食塩制限食の指示漏れ
30,2024-06-18,ICU,中等,心不全悪化患者への利尿薬投与のタイミングが遅れた
31,2024-07-01,外科病棟,軽微,手術前の絶飲食指示の伝達不足があった
32,2024-07-15,透析室,軽微,シャント部の感染症状発見が遅れ処置を追加
33,2024-08-04,救急外来,軽微,急性心筋梗塞疑い患者のトロポニン検査結果確認が遅延
34,2024-08-20,内科病棟,中等,寛解期の糖尿病患者にインスリン自己注射指導を怠った
35,2024-09-05,ICU,重大,急性腎不全の患者で血液透析開始判断が遅れ悪化
36,2024-09-22,透析室,軽微,透析前の体重測定時のスケール設定誤りが発覚
37,2024-10-08,内科病棟,軽微,高齢者の転倒予防対策が手薄だった時間帯で転倒発生
38,2024-10-25,外科病棟,軽微,術後せん妄患者の身体拘束解除のタイミングで付添不足
39,2024-11-10,ICU,中等,敗血症疑い患者の血液培養採取が指示から 1 時間遅れた
40,2024-11-28,救急外来,軽微,脳血管障害既往患者の抗血栓薬休薬期間の把握不足
41,2024-12-12,内科病棟,軽微,心不全増悪患者の in-out バランスの記録漏れ
42,2025-01-05,透析室,中等,HD 中のバスキュラーアクセストラブルで時間延長
43,2025-01-22,外科病棟,軽微,術後創部感染症の発見が通常巡回時間外だった
44,2025-02-08,ICU,重大,人工呼吸器の回路外れアラームへの対応が 2 分遅れた
45,2025-02-25,内科病棟,軽微,COPD 急性増悪患者のネブライザー指示が医師と看護師で齟齬
46,2025-03-10,透析室,軽微,HD 終了後の止血不良で再穿刺部の圧迫延長
47,2025-03-28,救急外来,中等,心肺停止患者への蘇生時の薬剤準備が想定より遅れた
48,2025-04-05,外科病棟,軽微,術後疼痛管理の持続点滴フィルター交換漏れ
49,2025-04-20,内科病棟,軽微,糖尿病患者の食事前血糖測定の記録方式変更の周知不足
50,2025-05-08,ICU,中等,心房細動患者の電気的除細動後の経過観察が不十分
51,2024-10-16,CCU,軽微,手術室申し送り時に患者アレルギー情報が口頭のみだった
52,2023-09-08,小児科,軽微,散剤秤量時の計量誤差が再計量で是正された
53,2024-11-23,皮膚科,中等,与薬時の 6R 確認のうち指示書の再確認が一部省略された
54,2024-08-27,検査部,軽微,与薬時の 6R 確認のうち指示書の再確認が一部省略された
55,2023-08-12,小児科,軽微,夜勤帯に 術前患者の点滴更新が遅れ翌朝に気づいた
56,2023-07-23,眼科,軽微,除細動器のアラームへの初動が 1 分遅れた
57,2024-04-04,呼吸器内科,軽微,心不全患者の in-out バランス記録が 4 時間抜けた
58,2023-01-07,麻酔科,中等,同姓患者が 2 名入院しており取り違えリスクがあったため ID バンド再確認を徹底
59,2024-03-08,精神科病棟,軽微,褥瘡処置の体位変換記録が 1 勤務帯抜けた
60,2025-09-07,麻酔科,軽微,与薬時の 6R 確認のうち指示書の再確認が一部省略された
61,2024-01-25,CCU,軽微,MRI 検査前の金属チェックで持参品確認が直前となった
62,2024-09-10,整形外科,中等,医師の指示が電子カルテに反映されるのが翌日となった
63,2024-04-15,循環器内科,軽微,経管栄養施行中の頭位挙上が一時的に不十分だった
64,2024-01-23,ICU,軽微,ヘパリンロックの濃度計算を確認後に是正
65,2024-10-05,血液内科,中等,検査オーダーの入力ミスで項目が 1 つ抜けていた
66,2024-08-14,産婦人科,中等,HD 患者への配薬時に同室患者の薬袋を一時的に持参しそうになった
67,2023-08-22,麻酔科,軽微,オピオイドの向精神薬管理簿記入が時刻抜けで後から追記
68,2025-05-25,小児科,中等,超音波検査室への患者移送が予約時刻に 18 分遅れた
69,2024-04-09,腫瘍内科,中等,ガーゼ交換時の無菌操作の手順に一部逸脱があった
70,2024-01-15,手術室,軽微,麻酔導入時の薬剤準備で 2 アンプル多く準備された
71,2024-12-19,耳鼻咽喉科,軽微,血圧計のカフサイズが患者サイズに合わず再測定
72,2024-10-12,救急外来,軽微,手術器械のカウント確認で 1 度数え直しが発生
73,2023-06-17,薬剤部,軽微,経管栄養施行中の頭位挙上が一時的に不十分だった
74,2024-10-17,眼科,軽微,看護記録の入力が勤務時間内に完了しなかった
75,2023-11-29,麻酔科,中等,手術室入室前の患者識別バンド確認で一部手順が省略された
76,2025-04-21,外科病棟,中等,認知症患者が病室のトイレで転倒したが外傷なし
77,2023-08-05,呼吸器内科,中等,血液培養のボトル数が指示と異なり追加採取した
78,2023-08-06,腫瘍内科,軽微,透析中の血圧低下に対する対応が 15 分遅れた
79,2024-04-14,透析室,軽微,手術器械のカウント確認で 1 度数え直しが発生
80,2025-02-01,循環器内科,軽微,退院時処方の薬剤本数が処方箋と相違し薬剤師が修正
81,2024-08-21,検査部,中等,新生児が病室入口で転倒したが外傷なし
82,2023-05-22,内視鏡室,軽微,院外処方箋発行時に屯用薬の指示回数が抜けていた
83,2023-02-18,CCU,軽微,ガーゼ交換時の無菌操作の手順に一部逸脱があった
84,2025-03-22,耳鼻咽喉科,軽微,経口薬の粉砕可否確認が与薬直前まで行われていなかった
85,2024-01-30,放射線科,軽微,トイレ歩行時のナースコール押下が間に合わず転倒リスク発生
86,2024-06-25,整形外科,重大,病棟間の患者移送時にベッド IV ライン固定が不十分だった
87,2025-08-23,内科病棟,中等,エリスロポエチン の希釈濃度確認が口頭のみで行われた
88,2025-02-07,整形外科,中等,採血管の順番を誤ったが検査結果に影響なし
89,2023-04-25,脳神経外科,軽微,点滴スタンドの車輪固定が不十分で転倒リスクとなった
90,2023-01-04,皮膚科,中等,術中出血量の記録が集計時点で相違したため再確認
91,2025-09-22,内視鏡室,中等,感染性廃棄物の分別が一部で不適切だった
92,2025-07-23,CCU,中等,手術患者の当日検査結果が術直前に判明
93,2025-05-11,腫瘍内科,軽微,人工呼吸器の加温加湿器の水位確認が 5 時間以上抜けた
94,2024-01-18,麻酔科,軽微,夜間のラウンド予定時刻が 30 分遅れた
95,2025-03-08,内視鏡室,重大,血糖測定器の校正期限切れに気づかず測定した
96,2023-11-28,リハビリ室,軽微,経管栄養施行中の頭位挙上が一時的に不十分だった
97,2024-01-07,泌尿器科,軽微,点滴残量の確認が時間通り行われず予定より 25 分超過した
98,2025-06-18,呼吸器内科,重大,オピオイドの向精神薬管理簿記入が時刻抜けで後から追記
99,2025-01-19,リハビリ室,中等,病棟内の救急カート内の物品定数チェックで 1 項目不足
100,2024-06-29,麻酔科,軽微,アレルギー食品表記のダブルチェックが抜けた
101,2024-05-01,循環器内科,軽微,MRSA 保菌患者の情報共有が転棟時に遅れた
102,2025-06-12,血液内科,軽微,褥瘡処置の体位変換記録が 1 勤務帯抜けた
103,2025-08-09,循環器内科,中等,医師指示の口頭受けで復唱確認が一部省略された
104,2023-07-25,眼科,軽微,輸血後副作用モニタリングの記録が 30 分後に集約
105,2024-10-27,手術室,軽微,針刺し事故の報告が勤務交代後となった
106,2024-04-07,CCU,軽微,経口薬の粉砕可否確認が与薬直前まで行われていなかった
107,2023-12-13,内科病棟,軽微,手術室入室前の患者識別バンド確認で一部手順が省略された
108,2024-08-25,小児科,軽微,転棟時の情報提供書の記載漏れがあり追記した
109,2024-10-08,外科病棟,軽微,HD 患者のドライウェイト変更指示が前勤務帯で反映されなかった
110,2023-02-02,精神科病棟,軽微,手術部位マーキングが術前最終確認で薄く再マーキングした
111,2023-10-13,耳鼻咽喉科,軽微,シリンジポンプのアラームへの初動が 3 分遅れた
112,2025-08-15,呼吸器内科,軽微,手術器械のカウント確認で 1 度数え直しが発生
113,2025-03-14,リハビリ室,中等,胃管挿入後の位置確認が聴診のみで X 線確認が省略された
114,2023-04-07,CCU,中等,CT 造影剤のアレルギー歴確認が検査直前に見落とされそうになった
115,2024-03-09,検査部,軽微,医師の指示が電子カルテに反映されるのが翌日となった
116,2023-02-25,耳鼻咽喉科,中等,糖尿病食のカロリー設定が一時的に標準食となっていた
117,2023-04-11,外科病棟,軽微,採血管の順番を誤ったが検査結果に影響なし
118,2025-03-30,CCU,軽微,胃管挿入後の位置確認が聴診のみで X 線確認が省略された
119,2024-07-03,薬剤部,軽微,カテーテル抜去時の圧迫時間が通常より短かった
120,2023-10-13,薬剤部,軽微,経管栄養施行中の頭位挙上が一時的に不十分だった
121,2023-03-19,薬剤部,中等,糖尿病患者の食前血糖測定が一度抜けた
122,2024-07-17,CCU,軽微,人工呼吸器のアラームへの初動が 1 分遅れた
123,2025-08-06,麻酔科,中等,採血時に駆血帯を 2 分以上巻いたまま放置した
124,2024-02-21,リハビリ室,軽微,病棟間の患者移送時にベッド IV ライン固定が不十分だった
125,2024-02-15,外科病棟,軽微,救急搬送患者への シタグリプチン の投与量誤りを準備段階で発見し再確認した
126,2025-08-06,泌尿器科,中等,術後覚醒時に酸素マスクの装着が一時的に外れた
127,2024-03-09,眼科,重大,小児患者の体重換算投与量の二重確認が省略された
128,2024-07-23,耳鼻咽喉科,中等,ドレーンの排液量を 2 時間分まとめて記録していた
129,2023-07-14,脳神経外科,軽微,点滴残量の確認が時間通り行われず予定より 47 分超過した
130,2025-01-23,循環器内科,軽微,血液培養のボトル数が指示と異なり追加採取した
131,2023-02-28,外科病棟,軽微,感染性廃棄物の分別が一部で不適切だった
132,2025-07-30,内視鏡室,軽微,夜間のラウンド予定時刻が 30 分遅れた
133,2024-06-04,ICU,中等,経口薬の粉砕可否確認が与薬直前まで行われていなかった
134,2024-09-01,ICU,中等,手術部位マーキングが術前最終確認で薄く再マーキングした
135,2024-02-18,CCU,重大,心電図モニターの日常点検記録が 1 日抜けていた
136,2024-08-15,血液内科,軽微,オピオイドの向精神薬管理簿記入が時刻抜けで後から追記
137,2024-03-05,耳鼻咽喉科,軽微,針刺し事故の報告が勤務交代後となった
138,2023-11-20,整形外科,軽微,病歴記録の修正履歴が一部残らなかった
139,2023-11-18,小児科,軽微,末梢静脈ルート確保時の血管損傷で再穿刺となった
140,2024-11-18,腫瘍内科,軽微,血液培養のボトル数が指示と異なり追加採取した
141,2025-08-09,麻酔科,重大,抗がん剤 と カルバペネム を取り違えて準備したが投与前に発見
142,2023-03-17,循環器内科,軽微,術中出血量の記録が集計時点で相違したため再確認
143,2023-05-16,手術室,中等,COPD 患者の酸素流量設定が申し送りと異なっていた
144,2023-09-08,手術室,軽微,車椅子移乗時のブレーキ確認が省略された
145,2025-05-03,循環器内科,中等,食事にアレルゲンが含まれるおそれがあり配膳前に交換
146,2025-04-06,腫瘍内科,軽微,輸血後副作用モニタリングの記録が 30 分後に集約
147,2025-04-16,循環器内科,軽微,アレルギー食品表記のダブルチェックが抜けた
148,2023-04-17,透析室,軽微,透析中の血圧低下に対する対応が 6 分遅れた
149,2025-01-30,循環器内科,軽微,術後覚醒時に酸素マスクの装着が一時的に外れた
150,2024-09-11,産婦人科,中等,吸引カテーテルのサイズが指示と異なるまま使用
151,2024-12-04,腫瘍内科,中等,感染性廃棄物の分別が一部で不適切だった
152,2024-05-15,整形外科,重大,インスリン自己注射の手技確認が退院前に十分行われなかった
153,2023-02-22,ICU,軽微,ヘパリンロックの濃度計算を確認後に是正
154,2023-10-11,外科病棟,軽微,外来予約の日時案内に誤りがあり電話で再案内
155,2023-05-14,腫瘍内科,重大,ガーゼ交換時の無菌操作の手順に一部逸脱があった
156,2025-01-29,薬剤部,軽微,転倒リスク評価表の更新が 1 週間滞っていた
157,2024-07-28,内科病棟,軽微,リハビリプログラムの負荷設定が患者体調と合わず途中で中止
158,2025-06-23,眼科,重大,人工呼吸器のアラームへの初動が 2 分遅れた
159,2024-08-19,循環器内科,軽微,末梢静脈ルート確保時の血管損傷で再穿刺となった
160,2023-02-12,脳神経外科,軽微,酸素流量の設定指示が口頭のみでカルテに反映されていなかった
161,2025-03-26,外科病棟,中等,吸引カテーテルのサイズが指示と異なるまま使用
162,2024-11-29,小児科,中等,CT 造影剤のアレルギー歴確認が検査直前に見落とされそうになった
163,2025-03-09,循環器内科,中等,夜間帯に易感染性患者がベッドから転落しセンサーマットで検知
164,2025-02-06,透析室,重大,手術部位マーキングが術前最終確認で薄く再マーキングした
165,2025-06-04,救急外来,重大,緊急検査のオーダー漏れが申し送り時に発覚
166,2023-07-01,検査部,軽微,DNAR 意思確認の記録場所が不統一だった
167,2025-08-04,精神科病棟,中等,夜間帯に高血圧患者がベッドから転落しセンサーマットで検知
168,2024-11-16,皮膚科,中等,麻酔導入時の薬剤準備で 2 アンプル多く準備された
169,2023-06-13,泌尿器科,中等,超音波検査室への患者移送が予約時刻に 11 分遅れた
170,2025-05-29,リハビリ室,軽微,抗がん剤調製時の密閉環境の確認手順が一部省略された
171,2025-07-29,薬剤部,軽微,放射線被曝防護エプロンの保管状態が不適切だった
172,2025-03-25,小児科,軽微,アレルギー食品表記のダブルチェックが抜けた
173,2023-07-17,放射線科,軽微,病棟間の患者移送時にベッド IV ライン固定が不十分だった
174,2023-03-13,麻酔科,軽微,糖尿病食のカロリー設定が一時的に標準食となっていた
175,2024-06-05,放射線科,中等,術前患者の体重測定が勤務交代時間帯に抜けた
176,2023-12-06,内科病棟,軽微,入院診療計画書の家族サインが後日となった
177,2023-09-25,救急外来,軽微,術中出血量の記録が集計時点で相違したため再確認
178,2023-02-09,CCU,軽微,MRI 検査前の金属チェックで持参品確認が直前となった
179,2025-01-16,泌尿器科,軽微,血圧計のカフサイズが患者サイズに合わず再測定
180,2024-06-07,CCU,軽微,除細動器のバッテリー残量確認が当直交代時に抜けた
181,2023-07-14,整形外科,軽微,透析患者の離床時に付き添いが不足した
182,2024-06-16,泌尿器科,軽微,家族への病状説明記録が口頭のみで文書化されていなかった
183,2025-08-20,皮膚科,中等,人工呼吸器の加温加湿器の水位確認が 6 時間以上抜けた
184,2024-03-17,ICU,重大,経管栄養剤の投与速度を誤って設定したが早期発見
185,2023-12-05,血液内科,軽微,インスリン自己注射の手技確認が退院前に十分行われなかった
186,2023-05-08,皮膚科,重大,感染性廃棄物の分別が一部で不適切だった
187,2023-11-13,耳鼻咽喉科,軽微,PD 患者が階段付近で転倒したが外傷なし
188,2024-07-21,透析室,軽微,輸血後副作用モニタリングの記録が 30 分後に集約
189,2025-08-20,放射線科,中等,HD 患者のドライウェイト変更指示が前勤務帯で反映されなかった
190,2023-06-28,血液内科,軽微,術前患者がベッドサイドで転倒したが外傷なし
191,2023-11-08,脳神経外科,軽微,小児患者の体重換算投与量の二重確認が省略された
192,2024-08-16,血液内科,中等,トイレ歩行時のナースコール押下が間に合わず転倒リスク発生
193,2024-03-28,薬剤部,中等,サージカルマスクの着用方法が一部職員で不適切だった
194,2024-04-29,泌尿器科,重大,リハビリ中に血圧測定を予定通り行えず後回しとなった
195,2025-01-23,救急外来,中等,術後覚醒時に酸素マスクの装着が一時的に外れた
196,2024-06-11,耳鼻咽喉科,軽微,異常値アラートに対する対応が勤務交代のため遅れた
197,2023-04-06,麻酔科,軽微,検体採取ラベルの貼り間違いに気づき採取し直した
198,2023-08-19,泌尿器科,軽微,夜勤帯に 高齢患者の点滴更新が遅れ翌朝に気づいた
199,2023-09-08,リハビリ室,軽微,外来予約の日時案内に誤りがあり電話で再案内
200,2023-03-16,薬剤部,軽微,輸血前の照合で血液型表示を読み上げ確認が一部省略された
201,2024-08-12,産婦人科,中等,凝固検体のシリカ管混入が疑われ再採血
202,2024-05-21,放射線科,軽微,嚥下機能低下患者の食事形態が指示より 1 段階硬めだった
203,2024-12-05,内科病棟,中等,病棟間の患者移送時にベッド IV ライン固定が不十分だった
204,2025-02-27,CCU,中等,創部ドレッシング交換の頻度指示を誤って解釈した
205,2023-06-30,泌尿器科,重大,針刺し事故の報告が勤務交代後となった
206,2024-04-20,外科病棟,軽微,経管栄養剤の投与速度を誤って設定したが早期発見
207,2025-05-18,CCU,軽微,在宅酸素療法導入時の患者教育で確認項目が不足
208,2024-04-20,耳鼻咽喉科,軽微,輸液ポンプの流量設定が誤って設定され数分後に是正
209,2024-09-01,精神科病棟,重大,透析終了後の止血時間が通常より短く追加圧迫
210,2024-03-29,血液内科,中等,透析終了後の止血時間が通常より短く追加圧迫
211,2024-05-31,検査部,中等,心電図モニターの電極外れで一時波形が欠落した
212,2024-04-01,救急外来,中等,ベッド柵の上げ忘れが朝巡回で発見された
213,2024-04-05,整形外科,中等,透析導入患者の体重測定が勤務交代時間帯に抜けた
214,2023-10-11,麻酔科,中等,接触感染予防策の個人防護具着用順序が逸脱した
215,2024-10-03,小児科,軽微,ロキソプロフェン の皮下注射部位ローテーションが記録されていなかった
216,2023-08-29,整形外科,軽微,透析終了後の止血時間が通常より短く追加圧迫
217,2024-07-07,ICU,軽微,手術室入室前の患者識別バンド確認で一部手順が省略された
218,2024-01-28,眼科,軽微,褥瘡処置の体位変換記録が 1 勤務帯抜けた
219,2023-03-07,検査部,軽微,吸引器のアラームへの初動が 2 分遅れた
220,2023-03-05,産婦人科,中等,凝固検体のシリカ管混入が疑われ再採血
221,2025-07-15,麻酔科,軽微,同姓患者が 2 名入院しており取り違えリスクがあったため ID バンド再確認を徹底
222,2023-01-21,麻酔科,軽微,手指衛生の確認表で記入漏れが散見された
223,2023-01-07,手術室,軽微,凝固検体のシリカ管混入が疑われ再採血
224,2025-05-23,検査部,軽微,DNAR 意思確認の記録場所が不統一だった
225,2024-07-13,泌尿器科,軽微,創部ドレッシング交換の頻度指示を誤って解釈した
226,2024-05-14,小児科,軽微,接触感染予防策の個人防護具着用順序が逸脱した
227,2023-01-30,放射線科,軽微,勤務交代時の申し送りで抗菌薬開始情報が抜けていた
228,2025-03-28,放射線科,中等,脳梗塞患者の体重測定が勤務交代時間帯に抜けた
229,2025-07-30,透析室,重大,C. difficile 感染疑い患者の隔離対応が初動で遅延
230,2023-01-28,放射線科,軽微,アレルギー食品表記のダブルチェックが抜けた
231,2023-01-28,ICU,軽微,中心静脈カテーテルの固定テープが緩み再固定した
232,2025-06-06,薬剤部,軽微,術中出血量の記録が集計時点で相違したため再確認
233,2024-01-24,精神科病棟,軽微,画像検査結果の所見伝達が主治医まで届くのに 1 日要した
234,2023-12-12,麻酔科,中等,手術室申し送り時に患者アレルギー情報が口頭のみだった
235,2025-02-09,検査部,軽微,オピオイドの向精神薬管理簿記入が時刻抜けで後から追記
236,2024-04-26,内科病棟,中等,ゾルピデム の禁忌併用薬の確認が処方時に不十分だった
237,2023-08-18,腫瘍内科,軽微,夜間のラウンド予定時刻が 30 分遅れた
238,2024-10-29,外科病棟,中等,バスキュラーアクセス部位の腫脹に気づき処置を追加
239,2023-09-11,産婦人科,中等,絶食指示が医師から口頭のみで伝達され朝食が配膳された
240,2023-06-06,小児科,軽微,輸血後副作用モニタリングの記録が 30 分後に集約
241,2023-04-28,呼吸器内科,重大,トイレ歩行時のナースコール押下が間に合わず転倒リスク発生
242,2024-12-17,整形外科,中等,採血時に駆血帯を 2 分以上巻いたまま放置した
243,2024-09-12,血液内科,重大,病歴記録の修正履歴が一部残らなかった
244,2023-04-28,麻酔科,中等,クラーク業務の記録集計に漏れがあり翌日訂正
245,2023-11-15,CCU,軽微,経管栄養施行中の頭位挙上が一時的に不十分だった
246,2023-11-16,呼吸器内科,中等,夜間のラウンド予定時刻が 30 分遅れた
247,2024-01-20,放射線科,重大,人工呼吸器の加温加湿器の水位確認が 4 時間以上抜けた
248,2024-08-29,眼科,中等,手術器械のカウント確認で 1 度数え直しが発生
249,2023-04-15,眼科,中等,インスリン自己注射の手技確認が退院前に十分行われなかった
250,2024-12-01,血液内科,中等,リハビリ中に血圧測定を予定通り行えず後回しとなった
251,2024-08-02,泌尿器科,軽微,C. difficile 感染疑い患者の隔離対応が初動で遅延
252,2024-03-14,耳鼻咽喉科,軽微,感染性廃棄物の分別が一部で不適切だった
253,2024-10-25,精神科病棟,軽微,離床センサーの電池切れで機能していなかった
254,2025-04-22,リハビリ室,軽微,夜間のラウンド予定時刻が 30 分遅れた
255,2024-01-06,腫瘍内科,中等,点滴スタンドの車輪固定が不十分で転倒リスクとなった
256,2024-12-25,透析室,軽微,医師の指示が電子カルテに反映されるのが翌日となった
257,2024-06-18,腫瘍内科,軽微,緊急検査のオーダー漏れが申し送り時に発覚
258,2025-07-30,循環器内科,中等,トイレ歩行時のナースコール押下が間に合わず転倒リスク発生
259,2024-03-22,皮膚科,軽微,画像検査結果の所見伝達が主治医まで届くのに 1 日要した
260,2025-05-22,小児科,中等,与薬時の 6R 確認のうち指示書の再確認が一部省略された
261,2023-10-13,薬剤部,軽微,トイレ歩行時のナースコール押下が間に合わず転倒リスク発生
262,2024-08-06,血液内科,中等,採血管の順番を誤ったが検査結果に影響なし
263,2023-01-30,リハビリ室,中等,カテーテル抜去時の圧迫時間が通常より短かった
264,2024-05-14,産婦人科,軽微,術中出血量の記録が集計時点で相違したため再確認
265,2023-12-15,整形外科,中等,同姓患者が 2 名入院しており取り違えリスクがあったため ID バンド再確認を徹底
266,2025-06-20,整形外科,軽微,針刺し事故の報告が勤務交代後となった
267,2025-08-28,産婦人科,軽微,家族への病状説明記録が口頭のみで文書化されていなかった
268,2024-02-21,リハビリ室,軽微,手術部位マーキングが術前最終確認で薄く再マーキングした
269,2024-12-08,リハビリ室,軽微,接触感染予防策の個人防護具着用順序が逸脱した
270,2024-04-03,泌尿器科,軽微,内視鏡検査前の絶食確認で前夜の服薬履歴が不明瞭
271,2023-08-15,放射線科,中等,検体採取ラベルの貼り間違いに気づき採取し直した
272,2024-11-10,呼吸器内科,軽微,心電図モニターの電極外れで一時波形が欠落した
273,2024-06-27,手術室,軽微,退院時処方の薬剤本数が処方箋と相違し薬剤師が修正
274,2024-07-17,精神科病棟,軽微,点滴スタンドの車輪固定が不十分で転倒リスクとなった
275,2023-10-05,脳神経外科,軽微,持参薬と院内処方薬の重複投与を服薬指導時に発見
276,2025-01-08,産婦人科,軽微,退院時処方の薬剤本数が処方箋と相違し薬剤師が修正
277,2024-07-02,麻酔科,中等,胃管挿入後の位置確認が聴診のみで X 線確認が省略された
278,2023-08-10,皮膚科,軽微,家族への病状説明記録が口頭のみで文書化されていなかった
279,2024-08-26,麻酔科,軽微,術後覚醒時に酸素マスクの装着が一時的に外れた
280,2023-04-13,産婦人科,軽微,検査オーダーの入力ミスで項目が 1 つ抜けていた
281,2023-07-03,脳神経外科,軽微,C. difficile 感染疑い患者の隔離対応が初動で遅延
282,2023-05-10,整形外科,軽微,鉄剤 の禁忌併用薬の確認が処方時に不十分だった
283,2023-10-27,眼科,重大,とろみ付き食事の指示が当日配膳時に徹底されていなかった
284,2025-06-08,麻酔科,軽微,心不全患者の in-out バランス記録が 4 時間抜けた
285,2023-01-13,呼吸器内科,軽微,手指衛生の確認表で記入漏れが散見された
286,2024-03-27,精神科病棟,軽微,シタグリプチン の禁忌併用薬の確認が処方時に不十分だった
287,2025-08-21,リハビリ室,軽微,経口薬の粉砕可否確認が与薬直前まで行われていなかった
288,2024-02-15,リハビリ室,軽微,輸血前の照合で血液型表示を読み上げ確認が一部省略された
289,2024-12-03,外科病棟,軽微,緊急検査のオーダー漏れが申し送り時に発覚
290,2024-07-30,脳神経外科,軽微,手術器械のカウント確認で 1 度数え直しが発生
291,2023-05-02,循環器内科,中等,血圧計のカフサイズが患者サイズに合わず再測定
292,2024-09-02,泌尿器科,軽微,産科での新生児沐浴時の湯温確認が手順通りでなかった
293,2024-06-19,放射線科,軽微,車椅子移乗時のブレーキ確認が省略された
294,2023-11-01,呼吸器内科,重大,検体採取ラベルの貼り間違いに気づき採取し直した
295,2024-08-05,血液内科,軽微,夜間のラウンド予定時刻が 30 分遅れた
296,2025-01-27,CCU,重大,吸引カテーテルのサイズが指示と異なるまま使用
297,2024-10-02,産婦人科,軽微,オピオイドの向精神薬管理簿記入が時刻抜けで後から追記
298,2023-06-10,小児科,軽微,メトトレキサート の皮下注射部位ローテーションが記録されていなかった
299,2023-01-03,検査部,軽微,血糖測定器の校正期限切れに気づかず測定した
300,2024-04-26,脳神経外科,軽微,術後覚醒時に酸素マスクの装着が一時的に外れた
301,2024-12-24,脳神経外科,中等,点滴スタンドの車輪固定が不十分で転倒リスクとなった
302,2023-03-14,耳鼻咽喉科,軽微,術中出血量の記録が集計時点で相違したため再確認
303,2025-03-17,泌尿器科,軽微,アレルギー食品表記のダブルチェックが抜けた
304,2025-04-03,産婦人科,軽微,心電図モニターのアラームへの初動が 3 分遅れた
305,2023-06-02,整形外科,中等,インスリン の皮下注射部位ローテーションが記録されていなかった
306,2023-06-19,泌尿器科,軽微,退院時処方の薬剤本数が処方箋と相違し薬剤師が修正
307,2025-04-24,呼吸器内科,重大,車椅子移乗時のブレーキ確認が省略された
308,2023-05-08,薬剤部,中等,同姓患者が 2 名入院しており取り違えリスクがあったため ID バンド再確認を徹底
309,2024-02-17,整形外科,軽微,隔離室入室時のガウンテクニックで手順が省略された
310,2024-03-24,ICU,軽微,透析中の血圧低下に対する対応が 11 分遅れた
311,2025-01-22,精神科病棟,軽微,夜勤帯に 小児患者の点滴更新が遅れ翌朝に気づいた
312,2023-08-23,耳鼻咽喉科,中等,除細動器のバッテリー残量確認が当直交代時に抜けた
313,2024-08-24,内科病棟,重大,勤務交代時の申し送りで抗菌薬開始情報が抜けていた
314,2025-04-21,整形外科,軽微,病棟内の救急カート内の物品定数チェックで 1 項目不足
315,2025-02-13,救急外来,軽微,嚥下機能低下患者の食事形態が指示より 1 段階硬めだった
316,2024-03-28,整形外科,軽微,パルスオキシメーターのプローブ装着位置がずれ測定値低下
317,2024-03-22,腫瘍内科,中等,入院診療計画書の家族サインが後日となった
318,2023-04-04,リハビリ室,軽微,異常値アラートに対する対応が勤務交代のため遅れた
319,2023-11-25,耳鼻咽喉科,軽微,ガーゼ交換時の無菌操作の手順に一部逸脱があった
320,2023-12-04,検査部,中等,術後覚醒時に酸素マスクの装着が一時的に外れた
321,2024-11-09,放射線科,中等,心電図モニターの電極外れで一時波形が欠落した
322,2023-02-07,薬剤部,軽微,術前絶飲食指示の時間が予定より短く再確認
323,2023-11-28,CCU,重大,化学療法患者がリハビリ室で転倒したが外傷なし
324,2025-04-24,内科病棟,中等,吸引器のアラームへの初動が 2 分遅れた
325,2023-02-25,産婦人科,軽微,絶食指示が医師から口頭のみで伝達され朝食が配膳された
326,2025-02-13,リハビリ室,軽微,病棟内の救急カート内の物品定数チェックで 1 項目不足
327,2023-02-22,産婦人科,軽微,末梢静脈ルート確保時の血管損傷で再穿刺となった
328,2025-08-07,脳神経外科,軽微,同姓患者が 2 名入院しており取り違えリスクがあったため ID バンド再確認を徹底
329,2024-05-11,CCU,軽微,輸血前の照合で血液型表示を読み上げ確認が一部省略された
330,2024-09-15,泌尿器科,軽微,ガーゼ交換時の無菌操作の手順に一部逸脱があった
331,2023-11-15,循環器内科,軽微,夜間帯に小児患者がベッドから転落しセンサーマットで検知
332,2023-08-19,CCU,軽微,持参薬と院内処方薬の重複投与を服薬指導時に発見
333,2024-10-25,透析室,軽微,病歴記録の修正履歴が一部残らなかった
334,2023-10-26,内視鏡室,中等,離床センサーの電池切れで機能していなかった
335,2025-05-04,リハビリ室,重大,手術器械のカウント確認で 1 度数え直しが発生
336,2024-04-12,循環器内科,軽微,胃管挿入後の位置確認が聴診のみで X 線確認が省略された
337,2025-08-01,血液内科,軽微,COPD 患者の酸素流量設定が申し送りと異なっていた
338,2023-05-20,ICU,軽微,リハビリ中に血圧測定を予定通り行えず後回しとなった
339,2025-05-24,検査部,軽微,小児患者の体重換算投与量の二重確認が省略された
340,2024-06-03,整形外科,中等,術後覚醒時に酸素マスクの装着が一時的に外れた
341,2025-01-13,脳神経外科,中等,パルスオキシメーターのプローブ装着位置がずれ測定値低下
342,2024-11-06,リハビリ室,中等,深夜帯に認知症患者が徘徊し病室から離れた
343,2024-07-05,リハビリ室,軽微,心電図モニターの電極外れで一時波形が欠落した
344,2025-02-20,循環器内科,軽微,酸素流量の設定指示が口頭のみでカルテに反映されていなかった
345,2023-11-26,産婦人科,重大,手術部位マーキングが術前最終確認で薄く再マーキングした
346,2024-08-08,放射線科,軽微,産科での新生児沐浴時の湯温確認が手順通りでなかった
347,2024-02-25,外科病棟,軽微,ベッド柵の上げ忘れが朝巡回で発見された
348,2024-12-23,泌尿器科,軽微,アレルギー食品表記のダブルチェックが抜けた
349,2025-03-22,腫瘍内科,重大,隔離室入室時のガウンテクニックで手順が省略された
350,2025-09-14,外科病棟,軽微,クラーク業務の記録集計に漏れがあり翌日訂正
351,2024-08-27,精神科病棟,中等,心不全患者の in-out バランス記録が 4 時間抜けた
352,2025-05-15,薬剤部,軽微,腹膜透析液の加温が不十分で患者が冷感を訴えた
353,2024-04-12,内科病棟,中等,夜間帯に化学療法患者がベッドから転落しセンサーマットで検知
354,2024-11-01,透析室,軽微,小児患者の体重換算投与量の二重確認が省略された
355,2025-09-19,整形外科,軽微,医師指示の口頭受けで復唱確認が一部省略された
356,2024-02-12,腫瘍内科,軽微,異常値アラートに対する対応が勤務交代のため遅れた
357,2025-05-22,耳鼻咽喉科,中等,超音波検査室への患者移送が予約時刻に 20 分遅れた
358,2024-10-03,眼科,中等,接触感染予防策の個人防護具着用順序が逸脱した
359,2025-06-12,循環器内科,軽微,経口薬の粉砕可否確認が与薬直前まで行われていなかった
360,2023-08-29,腫瘍内科,中等,術後覚醒時に酸素マスクの装着が一時的に外れた
361,2023-08-21,皮膚科,軽微,屯用 カルバペネム の投与理由の記録が後日となった
362,2024-03-30,救急外来,中等,HD 患者のドライウェイト変更指示が前勤務帯で反映されなかった
363,2023-01-30,外科病棟,軽微,点滴残量の確認が時間通り行われず予定より 28 分超過した
364,2024-01-03,手術室,軽微,手術器械のカウント確認で 1 度数え直しが発生
365,2024-06-27,検査部,軽微,リハビリ中に血圧測定を予定通り行えず後回しとなった
366,2023-07-04,救急外来,軽微,食事にアレルゲンが含まれるおそれがあり配膳前に交換
367,2025-06-10,放射線科,軽微,手術部位マーキングが術前最終確認で薄く再マーキングした
368,2024-05-24,呼吸器内科,軽微,トイレ歩行時のナースコール押下が間に合わず転倒リスク発生
369,2024-10-15,整形外科,軽微,輸血後副作用モニタリングの記録が 30 分後に集約
370,2023-01-10,泌尿器科,軽微,術後覚醒時に酸素マスクの装着が一時的に外れた
371,2024-11-24,循環器内科,軽微,車椅子移乗時のブレーキ確認が省略された
372,2025-08-25,手術室,重大,手術患者の当日検査結果が術直前に判明
373,2024-10-16,検査部,中等,点滴スタンドの車輪固定が不十分で転倒リスクとなった
374,2025-05-15,脳神経外科,軽微,凝固検体のシリカ管混入が疑われ再採血
375,2025-05-23,リハビリ室,軽微,超音波検査室への患者移送が予約時刻に 28 分遅れた
376,2024-01-03,呼吸器内科,軽微,同姓患者が 2 名入院しており取り違えリスクがあったため ID バンド再確認を徹底
377,2023-10-30,内科病棟,重大,アレルギー食品表記のダブルチェックが抜けた
378,2024-02-10,整形外科,軽微,病棟間の患者移送時にベッド IV ライン固定が不十分だった
379,2024-12-03,麻酔科,中等,プロポフォール の禁忌併用薬の確認が処方時に不十分だった
380,2025-05-02,脳神経外科,中等,手術室入室前の患者識別バンド確認で一部手順が省略された
381,2024-09-13,泌尿器科,軽微,とろみ付き食事の指示が当日配膳時に徹底されていなかった
382,2023-07-14,血液内科,軽微,院外処方箋発行時に屯用薬の指示回数が抜けていた
383,2025-01-08,麻酔科,中等,ICU 患者の体重測定が勤務交代時間帯に抜けた
384,2024-10-05,CCU,重大,糖尿病食のカロリー設定が一時的に標準食となっていた
385,2023-02-10,脳神経外科,中等,フロセミド の処方変更指示が前日の内容のまま更新されていなかった
386,2025-01-19,透析室,軽微,内視鏡検査前の絶食確認で前夜の服薬履歴が不明瞭
387,2023-12-01,皮膚科,軽微,人工呼吸器の加温加湿器の水位確認が 5 時間以上抜けた
388,2025-03-16,循環器内科,中等,検査オーダーの入力ミスで項目が 1 つ抜けていた
389,2024-06-27,内視鏡室,重大,ヘパリンロックの濃度計算を確認後に是正
390,2023-06-18,整形外科,重大,リハビリプログラムの負荷設定が患者体調と合わず途中で中止
391,2024-05-08,泌尿器科,軽微,心不全患者の in-out バランス記録が 4 時間抜けた
392,2023-12-13,泌尿器科,軽微,クラーク業務の記録集計に漏れがあり翌日訂正
393,2023-03-19,透析室,中等,創部ドレッシング交換の頻度指示を誤って解釈した
394,2025-05-30,耳鼻咽喉科,中等,心電図検査のコード貼付位置が一時誤った
395,2025-09-17,泌尿器科,軽微,与薬時の 6R 確認のうち指示書の再確認が一部省略された
396,2025-03-20,放射線科,軽微,C. difficile 感染疑い患者の隔離対応が初動で遅延
397,2023-05-07,薬剤部,軽微,退院時処方の薬剤本数が処方箋と相違し薬剤師が修正
398,2024-11-19,整形外科,軽微,放射線被曝防護エプロンの保管状態が不適切だった
399,2024-10-15,手術室,軽微,手術室入室前の患者識別バンド確認で一部手順が省略された
400,2024-04-27,内科病棟,軽微,リハビリプログラムの負荷設定が患者体調と合わず途中で中止
401,2024-07-28,精神科病棟,重大,創部ドレッシング交換の頻度指示を誤って解釈した
402,2024-10-25,ICU,軽微,トイレ歩行時のナースコール押下が間に合わず転倒リスク発生
403,2025-07-20,眼科,軽微,夜間帯に術後患者がベッドから転落しセンサーマットで検知
404,2023-05-24,外科病棟,重大,手術患者の当日検査結果が術直前に判明
405,2024-05-19,CCU,軽微,透析中の血圧低下に対する対応が 13 分遅れた
406,2023-05-19,放射線科,軽微,輸血後副作用モニタリングの記録が 30 分後に集約
407,2025-08-30,皮膚科,中等,除細動器のアラームへの初動が 3 分遅れた
408,2025-01-30,皮膚科,軽微,離床センサーの電池切れで機能していなかった
409,2024-11-01,CCU,中等,食事にアレルゲンが含まれるおそれがあり配膳前に交換
410,2024-02-22,整形外科,軽微,病理検体の固定液が不足していたが搬送前に補充
411,2023-08-11,薬剤部,軽微,手術部位マーキングが術前最終確認で薄く再マーキングした
412,2025-05-25,手術室,軽微,看護記録の入力が勤務時間内に完了しなかった
413,2024-01-12,循環器内科,重大,糖尿病食のカロリー設定が一時的に標準食となっていた
414,2024-01-03,外科病棟,軽微,胃管挿入後の位置確認が聴診のみで X 線確認が省略された
415,2025-09-18,CCU,重大,放射線被曝防護エプロンの保管状態が不適切だった
416,2024-04-10,ICU,中等,糖尿病食のカロリー設定が一時的に標準食となっていた
417,2024-10-16,血液内科,重大,ジアゼパム の禁忌併用薬の確認が処方時に不十分だった
418,2023-09-07,透析室,中等,吸引カテーテルのサイズが指示と異なるまま使用
419,2023-03-12,麻酔科,軽微,吸引器のチューブ交換時刻の記録漏れ
420,2023-08-10,小児科,軽微,膀胱留置カテーテルの蓄尿量測定記録が勤務交代時に抜けた
421,2025-03-18,血液内科,軽微,糖尿病患者の食前血糖測定が一度抜けた
422,2023-05-29,透析室,軽微,在宅酸素療法導入時の患者教育で確認項目が不足
423,2023-06-28,CCU,中等,夜勤帯に ICU 患者の点滴更新が遅れ翌朝に気づいた
424,2023-01-16,手術室,中等,手術部位マーキングが術前最終確認で薄く再マーキングした
425,2024-08-25,精神科病棟,軽微,術中出血量の記録が集計時点で相違したため再確認
426,2023-02-23,透析室,中等,MRSA 保菌患者の情報共有が転棟時に遅れた
427,2023-04-27,皮膚科,軽微,深夜帯に認知症患者が徘徊し病室から離れた
428,2025-03-07,手術室,軽微,散剤秤量時の計量誤差が再計量で是正された
429,2024-04-07,内視鏡室,軽微,食事にアレルゲンが含まれるおそれがあり配膳前に交換
430,2023-02-14,皮膚科,中等,病棟間の患者移送時にベッド IV ライン固定が不十分だった
431,2024-11-05,内視鏡室,軽微,糖尿病食のカロリー設定が一時的に標準食となっていた
432,2025-09-14,内科病棟,軽微,手指衛生の確認表で記入漏れが散見された
433,2025-05-17,放射線科,軽微,散剤秤量時の計量誤差が再計量で是正された
434,2024-05-17,眼科,重大,セフメタゾール の皮下注射部位ローテーションが記録されていなかった
435,2023-11-26,血液内科,軽微,末梢静脈ルート確保時の血管損傷で再穿刺となった
436,2023-10-09,血液内科,軽微,心電図モニターの電極外れで一時波形が欠落した
437,2024-12-30,精神科病棟,軽微,血糖測定器の校正期限切れに気づかず測定した
438,2024-06-27,脳神経外科,軽微,血圧計のカフサイズが患者サイズに合わず再測定
439,2024-03-16,CCU,中等,鉄剤 の希釈濃度確認が口頭のみで行われた
440,2025-01-08,産婦人科,軽微,透析中の血圧低下に対する対応が 8 分遅れた
441,2024-02-28,精神科病棟,中等,慢性腎不全患者が病室のトイレで転倒したが外傷なし
442,2023-11-17,検査部,軽微,術前絶飲食指示の時間が予定より短く再確認
443,2024-01-19,透析室,中等,ベッド柵の上げ忘れが朝巡回で発見された
444,2023-03-10,ICU,中等,与薬時の 6R 確認のうち指示書の再確認が一部省略された
445,2024-03-18,CCU,中等,病理検体の固定液が不足していたが搬送前に補充
446,2025-04-11,透析室,軽微,吸引器のチューブ交換時刻の記録漏れ
447,2025-09-06,循環器内科,軽微,輸血後副作用モニタリングの記録が 30 分後に集約
448,2023-05-06,検査部,軽微,輸血後副作用モニタリングの記録が 30 分後に集約
449,2025-08-21,麻酔科,軽微,経管栄養剤の投与速度を誤って設定したが早期発見
450,2025-01-08,外科病棟,重大,血糖測定器の校正期限切れに気づかず測定した
451,2023-11-16,手術室,軽微,感染性廃棄物の分別が一部で不適切だった
452,2023-08-06,透析室,中等,創部ドレッシング交換の頻度指示を誤って解釈した
453,2025-05-17,CCU,軽微,輸液ポンプの流量設定が誤って設定され数分後に是正
454,2024-01-12,CCU,中等,除細動器のバッテリー残量確認が当直交代時に抜けた
455,2023-08-20,泌尿器科,軽微,輸液ポンプの流量設定が誤って設定され数分後に是正
456,2025-09-24,麻酔科,中等,食事にアレルゲンが含まれるおそれがあり配膳前に交換
457,2024-11-22,腫瘍内科,軽微,血圧計のカフサイズが患者サイズに合わず再測定
458,2025-08-09,耳鼻咽喉科,中等,麻酔導入時の薬剤準備で 2 アンプル多く準備された
459,2023-01-30,救急外来,軽微,病棟内の救急カート内の物品定数チェックで 1 項目不足
460,2023-11-13,精神科病棟,軽微,カテーテル抜去時の圧迫時間が通常より短かった
461,2025-06-09,透析室,軽微,小児患者が病棟廊下で転倒したが外傷なし
462,2025-01-28,腫瘍内科,重大,与薬時の 6R 確認のうち指示書の再確認が一部省略された
463,2025-02-03,内視鏡室,軽微,離床センサーの電池切れで機能していなかった
464,2024-04-09,精神科病棟,軽微,検体採取ラベルの貼り間違いに気づき採取し直した
465,2025-01-08,精神科病棟,中等,酸素濃縮器の日常点検記録が 1 日抜けていた
466,2023-03-28,外科病棟,軽微,院外処方箋発行時に屯用薬の指示回数が抜けていた
467,2024-09-24,外科病棟,中等,麻酔導入時の薬剤準備で 2 アンプル多く準備された
468,2024-03-29,耳鼻咽喉科,軽微,血圧計のカフサイズが患者サイズに合わず再測定
469,2024-03-28,検査部,軽微,院外処方箋発行時に屯用薬の指示回数が抜けていた
470,2024-06-08,CCU,軽微,ロキソプロフェン の希釈濃度確認が口頭のみで行われた
471,2024-11-25,耳鼻咽喉科,軽微,MRSA 保菌患者の情報共有が転棟時に遅れた
472,2024-11-14,脳神経外科,軽微,心電図検査のコード貼付位置が一時誤った
473,2024-09-05,外科病棟,軽微,手術患者の当日検査結果が術直前に判明
474,2025-08-26,産婦人科,中等,病棟内の救急カート内の物品定数チェックで 1 項目不足
475,2023-09-19,脳神経外科,軽微,肝硬変患者への ドパミン の投与量誤りを準備段階で発見し再確認した
476,2023-06-29,透析室,軽微,転棟時の情報提供書の記載漏れがあり追記した
477,2023-08-24,内視鏡室,軽微,輸血後副作用モニタリングの記録が 30 分後に集約
478,2025-04-05,手術室,軽微,病棟間の患者移送時にベッド IV ライン固定が不十分だった
479,2025-01-29,外科病棟,軽微,点滴スタンドの車輪固定が不十分で転倒リスクとなった
480,2025-08-01,ICU,中等,除細動器のバッテリー残量確認が当直交代時に抜けた
481,2024-03-15,呼吸器内科,軽微,とろみ付き食事の指示が当日配膳時に徹底されていなかった
482,2024-03-03,脳神経外科,軽微,フェンタニル の投与時刻が指示より 36 分遅れた
483,2025-03-31,血液内科,軽微,医師指示の口頭受けで復唱確認が一部省略された
484,2025-07-30,手術室,軽微,インスリン自己注射の手技確認が退院前に十分行われなかった
485,2023-04-19,小児科,軽微,骨折患者が病室のトイレで転倒したが外傷なし
486,2024-02-10,脳神経外科,中等,創部ドレッシング交換の頻度指示を誤って解釈した
487,2023-12-08,麻酔科,軽微,サージカルマスクの着用方法が一部職員で不適切だった
488,2024-10-10,CCU,軽微,胃管挿入後の位置確認が聴診のみで X 線確認が省略された
489,2025-07-16,麻酔科,軽微,医師の指示が電子カルテに反映されるのが翌日となった
490,2025-09-08,腫瘍内科,中等,手術部位マーキングが術前最終確認で薄く再マーキングした
491,2023-04-16,透析室,軽微,注射針のリキャップを一部で行ってしまった
492,2024-09-08,透析室,中等,嚥下機能低下患者の食事形態が指示より 1 段階硬めだった
493,2023-03-19,救急外来,重大,輸血前の照合で血液型表示を読み上げ確認が一部省略された
494,2024-05-20,薬剤部,中等,病棟内の救急カート内の物品定数チェックで 1 項目不足
495,2024-08-16,薬剤部,中等,COPD 患者の酸素流量設定が申し送りと異なっていた
496,2024-08-01,腫瘍内科,軽微,絶食指示が医師から口頭のみで伝達され朝食が配膳された
497,2023-11-27,腫瘍内科,軽微,車椅子移乗時のブレーキ確認が省略された
498,2023-03-11,リハビリ室,軽微,手術患者の当日検査結果が術直前に判明
499,2025-03-26,整形外科,軽微,CT 造影剤のアレルギー歴確認が検査直前に見落とされそうになった
500,2024-06-03,ICU,軽微,深夜帯に認知症患者が徘徊し病室から離れた
501,2023-02-08,外科病棟,軽微,術後覚醒時に酸素マスクの装着が一時的に外れた
502,2023-03-20,腫瘍内科,中等,糖尿病患者の食前血糖測定が一度抜けた
503,2023-04-03,血液内科,軽微,凝固検体のシリカ管混入が疑われ再採血
504,2024-04-18,呼吸器内科,軽微,リハビリ中に血圧測定を予定通り行えず後回しとなった
505,2025-01-26,外科病棟,軽微,緊急検査のオーダー漏れが申し送り時に発覚
506,2024-08-08,腫瘍内科,軽微,血圧計のカフサイズが患者サイズに合わず再測定
507,2024-05-02,内視鏡室,軽微,点滴残量の確認が時間通り行われず予定より 38 分超過した
508,2023-04-16,泌尿器科,中等,採血管の順番を誤ったが検査結果に影響なし
509,2025-01-01,ICU,軽微,注射針のリキャップを一部で行ってしまった
510,2023-02-10,小児科,中等,車椅子移乗時のブレーキ確認が省略された
511,2024-06-20,内視鏡室,軽微,検査オーダーの入力ミスで項目が 1 つ抜けていた
512,2024-01-17,脳神経外科,軽微,産科での新生児沐浴時の湯温確認が手順通りでなかった
513,2023-12-13,耳鼻咽喉科,軽微,リハビリ中に血圧測定を予定通り行えず後回しとなった
514,2024-10-08,腫瘍内科,軽微,異常値アラートに対する対応が勤務交代のため遅れた
515,2023-04-07,循環器内科,中等,術後覚醒時に酸素マスクの装着が一時的に外れた
516,2023-09-16,皮膚科,中等,クラーク業務の記録集計に漏れがあり翌日訂正
517,2025-07-17,血液内科,中等,異常値アラートに対する対応が勤務交代のため遅れた
518,2023-03-25,呼吸器内科,中等,経管栄養剤の投与速度を誤って設定したが早期発見
519,2023-12-25,脳神経外科,重大,同姓患者が 2 名入院しており取り違えリスクがあったため ID バンド再確認を徹底
520,2024-11-09,放射線科,軽微,転棟時の情報提供書の記載漏れがあり追記した
521,2025-08-18,ICU,軽微,超音波検査室への患者移送が予約時刻に 30 分遅れた
522,2025-03-21,精神科病棟,中等,輸血後副作用モニタリングの記録が 30 分後に集約
523,2024-12-20,皮膚科,重大,腹膜透析液の加温が不十分で患者が冷感を訴えた
524,2024-06-23,ICU,軽微,転倒リスク評価表の更新が 1 週間滞っていた
525,2024-06-04,手術室,軽微,検体採取ラベルの貼り間違いに気づき採取し直した
526,2023-07-04,産婦人科,軽微,外来予約の日時案内に誤りがあり電話で再案内
527,2024-05-12,産婦人科,軽微,中心静脈カテーテルの固定テープが緩み再固定した
528,2023-06-08,ICU,軽微,小児患者の体重換算投与量の二重確認が省略された
529,2023-04-14,内視鏡室,中等,ヘパリンロックの濃度計算を確認後に是正
530,2025-01-26,内視鏡室,軽微,採血管の順番を誤ったが検査結果に影響なし
531,2025-06-16,麻酔科,軽微,血糖測定器の校正期限切れに気づかず測定した
532,2024-01-21,透析室,軽微,ヘパリンロックの濃度計算を確認後に是正
533,2024-12-10,麻酔科,軽微,HD 患者のドライウェイト変更指示が前勤務帯で反映されなかった
534,2023-06-19,皮膚科,軽微,夜間帯に新生児がベッドから転落しセンサーマットで検知
535,2024-11-23,皮膚科,軽微,車椅子移乗時のブレーキ確認が省略された
536,2024-09-17,脳神経外科,中等,小児患者の体重換算投与量の二重確認が省略された
537,2024-04-04,小児科,軽微,検体採取ラベルの貼り間違いに気づき採取し直した
538,2025-09-15,泌尿器科,中等,HD 患者のドライウェイト変更指示が前勤務帯で反映されなかった
539,2025-05-05,産婦人科,軽微,バスキュラーアクセス部位の腫脹に気づき処置を追加
540,2024-08-07,薬剤部,軽微,術後覚醒時に酸素マスクの装着が一時的に外れた
541,2025-03-07,放射線科,軽微,離床センサーの電池切れで機能していなかった
542,2025-09-16,救急外来,中等,在宅酸素療法導入時の患者教育で確認項目が不足
543,2024-09-11,透析室,中等,リドカイン の禁忌併用薬の確認が処方時に不十分だった
544,2025-06-14,手術室,軽微,散剤秤量時の計量誤差が再計量で是正された
545,2024-12-29,内視鏡室,中等,術後覚醒時に酸素マスクの装着が一時的に外れた
546,2023-03-27,麻酔科,軽微,深夜帯に認知症患者が徘徊し病室から離れた
547,2025-07-16,内視鏡室,軽微,小児患者の離床時に付き添いが不足した
548,2025-08-27,小児科,中等,透析中の血圧低下に対する対応が 10 分遅れた
549,2025-08-10,内科病棟,軽微,心電図検査のコード貼付位置が一時誤った
550,2024-05-29,手術室,軽微,オピオイドの向精神薬管理簿記入が時刻抜けで後から追記
551,2024-01-19,小児科,軽微,酸素流量の設定指示が口頭のみでカルテに反映されていなかった
552,2023-04-12,眼科,軽微,リハビリ中に血圧測定を予定通り行えず後回しとなった
553,2023-05-30,透析室,軽微,経管栄養剤の投与速度を誤って設定したが早期発見
554,2025-04-29,リハビリ室,中等,中心静脈カテーテルの固定テープが緩み再固定した
555,2025-02-16,眼科,軽微,食事にアレルゲンが含まれるおそれがあり配膳前に交換
556,2023-01-06,ICU,軽微,褥瘡処置の体位変換記録が 1 勤務帯抜けた
557,2025-05-05,透析室,軽微,医師の指示が電子カルテに反映されるのが翌日となった
558,2024-09-15,内視鏡室,軽微,産科での新生児沐浴時の湯温確認が手順通りでなかった
559,2023-10-23,小児科,軽微,グリメピリド の禁忌併用薬の確認が処方時に不十分だった
560,2024-03-05,腫瘍内科,中等,点滴スタンドの車輪固定が不十分で転倒リスクとなった
561,2023-03-06,CCU,中等,隔離室入室時のガウンテクニックで手順が省略された
562,2024-09-03,循環器内科,軽微,サージカルマスクの着用方法が一部職員で不適切だった
563,2024-08-11,小児科,中等,内視鏡検査前の絶食確認で前夜の服薬履歴が不明瞭
564,2024-03-15,内科病棟,軽微,手術部位マーキングが術前最終確認で薄く再マーキングした
565,2024-08-07,検査部,軽微,輸血後副作用モニタリングの記録が 30 分後に集約
566,2023-03-29,内視鏡室,重大,経口薬の粉砕可否確認が与薬直前まで行われていなかった
567,2025-09-03,内視鏡室,軽微,小児患者の体重換算投与量の二重確認が省略された
568,2024-06-03,循環器内科,軽微,心不全患者の in-out バランス記録が 4 時間抜けた
569,2024-04-26,外科病棟,軽微,病理検体の固定液が不足していたが搬送前に補充
570,2023-09-17,皮膚科,軽微,小児患者の体重換算投与量の二重確認が省略された
571,2023-03-11,手術室,軽微,アレルギー食品表記のダブルチェックが抜けた
572,2024-10-05,CCU,中等,DNAR 意思確認の記録場所が不統一だった
573,2025-02-13,精神科病棟,軽微,CT 造影剤のアレルギー歴確認が検査直前に見落とされそうになった
574,2024-07-13,精神科病棟,中等,注射針のリキャップを一部で行ってしまった
575,2025-04-30,麻酔科,中等,同姓患者が 2 名入院しており取り違えリスクがあったため ID バンド再確認を徹底
576,2024-05-05,腫瘍内科,軽微,中心静脈カテーテルの固定テープが緩み再固定した
577,2023-03-06,眼科,中等,点滴スタンドの車輪固定が不十分で転倒リスクとなった
578,2023-02-07,脳神経外科,軽微,リハビリ中に血圧測定を予定通り行えず後回しとなった
579,2023-07-24,外科病棟,軽微,検体採取ラベルの貼り間違いに気づき採取し直した
580,2024-06-11,放射線科,重大,吸引器のアラームへの初動が 2 分遅れた
581,2023-02-07,麻酔科,軽微,術後覚醒時に酸素マスクの装着が一時的に外れた
582,2024-01-01,麻酔科,軽微,嚥下機能低下患者の食事形態が指示より 1 段階硬めだった
583,2023-12-06,整形外科,軽微,病理検体の固定液が不足していたが搬送前に補充
584,2024-03-23,放射線科,中等,透析終了後の止血時間が通常より短く追加圧迫
585,2025-09-06,放射線科,軽微,カテーテル抜去時の圧迫時間が通常より短かった
586,2024-05-23,眼科,軽微,経管栄養施行中の頭位挙上が一時的に不十分だった
587,2025-03-27,内視鏡室,軽微,オピオイドの向精神薬管理簿記入が時刻抜けで後から追記
588,2025-01-14,検査部,軽微,血圧計のカフサイズが患者サイズに合わず再測定
589,2025-04-22,救急外来,軽微,画像検査結果の所見伝達が主治医まで届くのに 1 日要した
590,2023-04-16,ICU,軽微,内視鏡検査前の絶食確認で前夜の服薬履歴が不明瞭
591,2023-11-10,薬剤部,軽微,転倒リスク評価表の更新が 1 週間滞っていた
592,2023-06-20,眼科,軽微,深夜帯に認知症患者が徘徊し病室から離れた
593,2023-02-13,皮膚科,中等,CT 造影剤のアレルギー歴確認が検査直前に見落とされそうになった
594,2024-09-21,検査部,軽微,リハビリ中に血圧測定を予定通り行えず後回しとなった
595,2025-08-28,外科病棟,軽微,とろみ付き食事の指示が当日配膳時に徹底されていなかった
596,2024-02-20,手術室,軽微,退院時処方の薬剤本数が処方箋と相違し薬剤師が修正
597,2024-11-26,救急外来,重大,膀胱留置カテーテルの蓄尿量測定記録が勤務交代時に抜けた
598,2025-05-19,血液内科,中等,車椅子移乗時のブレーキ確認が省略された
599,2023-02-05,透析室,軽微,産科での新生児沐浴時の湯温確認が手順通りでなかった
600,2024-10-22,手術室,軽微,バスキュラーアクセス部位の腫脹に気づき処置を追加
601,2024-08-03,外科病棟,軽微,勤務交代時の申し送りで抗菌薬開始情報が抜けていた
602,2024-04-05,手術室,軽微,病棟内の救急カート内の物品定数チェックで 1 項目不足
603,2023-03-20,呼吸器内科,軽微,検査オーダーの入力ミスで項目が 1 つ抜けていた
604,2024-02-12,精神科病棟,軽微,手術器械のカウント確認で 1 度数え直しが発生
605,2025-09-10,CCU,軽微,カテーテル抜去時の圧迫時間が通常より短かった
606,2024-05-26,内視鏡室,軽微,輸液ポンプの流量設定が誤って設定され数分後に是正
607,2023-05-01,整形外科,中等,転棟時の情報提供書の記載漏れがあり追記した
608,2024-04-01,産婦人科,重大,術後覚醒時に酸素マスクの装着が一時的に外れた
609,2024-12-11,リハビリ室,軽微,中心静脈カテーテルの固定テープが緩み再固定した
610,2025-05-23,ICU,軽微,HD 患者のドライウェイト変更指示が前勤務帯で反映されなかった
611,2024-12-31,薬剤部,重大,緊急検査のオーダー漏れが申し送り時に発覚
612,2024-11-29,精神科病棟,中等,転棟時の情報提供書の記載漏れがあり追記した
613,2023-03-08,循環器内科,軽微,透析終了後の止血時間が通常より短く追加圧迫
614,2023-11-04,救急外来,中等,経管栄養施行中の頭位挙上が一時的に不十分だった
615,2024-12-18,腫瘍内科,軽微,検査オーダーの入力ミスで項目が 1 つ抜けていた
616,2024-06-04,小児科,軽微,人工呼吸器の加温加湿器の水位確認が 5 時間以上抜けた
617,2023-08-31,泌尿器科,軽微,検査オーダーの入力ミスで項目が 1 つ抜けていた
618,2024-07-21,呼吸器内科,軽微,在宅酸素療法導入時の患者教育で確認項目が不足
619,2024-07-18,透析室,軽微,与薬時の 6R 確認のうち指示書の再確認が一部省略された
620,2023-03-09,脳神経外科,軽微,病歴記録の修正履歴が一部残らなかった
621,2025-01-06,リハビリ室,軽微,外来予約の日時案内に誤りがあり電話で再案内
622,2024-02-24,呼吸器内科,軽微,入院診療計画書の家族サインが後日となった
623,2023-11-21,腫瘍内科,軽微,トイレ歩行時のナースコール押下が間に合わず転倒リスク発生
624,2024-11-27,内視鏡室,軽微,COPD 患者の酸素流量設定が申し送りと異なっていた
625,2025-04-28,麻酔科,軽微,吸引器のチューブ交換時刻の記録漏れ
626,2023-07-06,麻酔科,重大,骨折患者の離床時に付き添いが不足した
627,2025-07-21,外科病棟,中等,針刺し事故の報告が勤務交代後となった
628,2023-06-06,脳神経外科,軽微,画像検査結果の所見伝達が主治医まで届くのに 1 日要した
629,2025-08-15,眼科,軽微,バスキュラーアクセス部位の腫脹に気づき処置を追加
630,2025-08-21,内視鏡室,中等,インスリン自己注射の手技確認が退院前に十分行われなかった
631,2023-03-22,整形外科,軽微,夜間のラウンド予定時刻が 30 分遅れた
632,2024-07-18,整形外科,軽微,手術患者の当日検査結果が術直前に判明
633,2024-09-21,循環器内科,軽微,糖尿病食のカロリー設定が一時的に標準食となっていた
634,2023-06-22,呼吸器内科,重大,ドレーンの排液量を 2 時間分まとめて記録していた
635,2023-06-25,耳鼻咽喉科,軽微,HD 患者のドライウェイト変更指示が前勤務帯で反映されなかった
636,2024-09-11,精神科病棟,中等,人工呼吸器の日常点検記録が 1 日抜けていた
637,2025-04-25,内科病棟,軽微,バスキュラーアクセス部位の腫脹に気づき処置を追加
638,2024-10-18,麻酔科,軽微,嚥下機能低下患者の食事形態が指示より 1 段階硬めだった
639,2023-08-04,麻酔科,軽微,絶食指示が医師から口頭のみで伝達され朝食が配膳された
640,2024-10-16,内科病棟,軽微,輸血前の照合で血液型表示を読み上げ確認が一部省略された
641,2024-07-12,脳神経外科,軽微,手術患者の当日検査結果が術直前に判明
642,2024-05-09,小児科,中等,看護記録の入力が勤務時間内に完了しなかった
643,2024-02-20,脳神経外科,軽微,医師指示の口頭受けで復唱確認が一部省略された
644,2023-03-03,救急外来,軽微,手指衛生の確認表で記入漏れが散見された
645,2024-04-20,産婦人科,軽微,膀胱留置カテーテルの蓄尿量測定記録が勤務交代時に抜けた
646,2023-11-17,眼科,軽微,病棟間の患者移送時にベッド IV ライン固定が不十分だった
647,2023-12-20,放射線科,軽微,病理検体の固定液が不足していたが搬送前に補充
648,2024-06-11,循環器内科,軽微,手術部位マーキングが術前最終確認で薄く再マーキングした
649,2024-04-22,CCU,軽微,手術器械のカウント確認で 1 度数え直しが発生
650,2023-05-25,CCU,軽微,バスキュラーアクセス部位の腫脹に気づき処置を追加
651,2024-01-29,血液内科,軽微,クラーク業務の記録集計に漏れがあり翌日訂正
652,2025-06-05,救急外来,中等,酸素流量の設定指示が口頭のみでカルテに反映されていなかった
653,2024-08-14,皮膚科,軽微,病棟内の救急カート内の物品定数チェックで 1 項目不足
654,2023-06-13,リハビリ室,重大,トイレ歩行時のナースコール押下が間に合わず転倒リスク発生
655,2024-05-25,脳神経外科,軽微,与薬時の 6R 確認のうち指示書の再確認が一部省略された
656,2025-08-25,放射線科,軽微,クラーク業務の記録集計に漏れがあり翌日訂正
657,2023-09-04,産婦人科,軽微,インスリン の禁忌併用薬の確認が処方時に不十分だった
658,2023-10-16,リハビリ室,軽微,透析導入患者の体重測定が勤務交代時間帯に抜けた
659,2024-11-19,リハビリ室,軽微,カルバペネム と ドパミン を取り違えて準備したが投与前に発見
660,2023-05-18,整形外科,中等,病棟内の救急カート内の物品定数チェックで 1 項目不足
661,2024-02-17,手術室,軽微,鉄剤 の禁忌併用薬の確認が処方時に不十分だった
662,2023-07-19,手術室,軽微,スピロノラクトン の皮下注射部位ローテーションが記録されていなかった
663,2024-05-31,薬剤部,中等,手術室申し送り時に患者アレルギー情報が口頭のみだった
664,2025-04-25,血液内科,中等,持参薬と院内処方薬の重複投与を服薬指導時に発見
665,2023-05-12,CCU,軽微,リハビリ中に血圧測定を予定通り行えず後回しとなった
666,2023-12-14,循環器内科,重大,院外処方箋発行時に屯用薬の指示回数が抜けていた
667,2023-05-28,産婦人科,軽微,骨折患者がベッドサイドで転倒したが外傷なし
668,2023-02-16,外科病棟,軽微,異常値アラートに対する対応が勤務交代のため遅れた
669,2025-04-03,リハビリ室,軽微,ドレーンの排液量を 2 時間分まとめて記録していた
670,2024-09-12,内視鏡室,軽微,酸素流量の設定指示が口頭のみでカルテに反映されていなかった
671,2024-09-19,精神科病棟,軽微,食事にアレルゲンが含まれるおそれがあり配膳前に交換
672,2025-01-27,脳神経外科,軽微,感染性廃棄物の分別が一部で不適切だった
673,2025-04-28,内視鏡室,軽微,転棟時の情報提供書の記載漏れがあり追記した
674,2024-07-30,脳神経外科,軽微,フロセミド の投与時刻が指示より 57 分遅れた
675,2024-11-20,CCU,重大,パルスオキシメーターのプローブ装着位置がずれ測定値低下
676,2023-11-12,泌尿器科,中等,心不全患者の in-out バランス記録が 4 時間抜けた
677,2024-12-05,腫瘍内科,軽微,ベッド柵の上げ忘れが朝巡回で発見された
678,2023-09-29,腫瘍内科,中等,産科での新生児沐浴時の湯温確認が手順通りでなかった
679,2024-08-15,呼吸器内科,軽微,リドカイン の禁忌併用薬の確認が処方時に不十分だった
680,2023-06-24,内視鏡室,軽微,絶食指示が医師から口頭のみで伝達され朝食が配膳された
681,2025-03-04,放射線科,軽微,看護記録の入力が勤務時間内に完了しなかった
682,2023-09-06,外科病棟,軽微,同姓患者が 2 名入院しており取り違えリスクがあったため ID バンド再確認を徹底
683,2023-04-23,産婦人科,軽微,血液培養のボトル数が指示と異なり追加採取した
684,2024-03-04,透析室,軽微,吸引カテーテルのサイズが指示と異なるまま使用
685,2024-02-25,内視鏡室,中等,経管栄養剤の投与速度を誤って設定したが早期発見
686,2024-04-27,皮膚科,中等,転棟時の情報提供書の記載漏れがあり追記した
687,2023-05-22,内視鏡室,軽微,画像検査結果の所見伝達が主治医まで届くのに 1 日要した
688,2024-11-09,リハビリ室,軽微,血液培養のボトル数が指示と異なり追加採取した
689,2025-09-06,救急外来,軽微,C. difficile 感染疑い患者の隔離対応が初動で遅延
690,2023-12-17,循環器内科,軽微,外来予約の日時案内に誤りがあり電話で再案内
691,2025-06-07,皮膚科,中等,在宅酸素療法導入時の患者教育で確認項目が不足
692,2024-12-10,整形外科,軽微,胃管挿入後の位置確認が聴診のみで X 線確認が省略された
693,2025-09-07,小児科,軽微,手術患者の当日検査結果が術直前に判明
694,2023-08-19,脳神経外科,中等,転棟時の情報提供書の記載漏れがあり追記した
695,2023-08-01,眼科,中等,血液培養のボトル数が指示と異なり追加採取した
696,2024-05-06,手術室,軽微,酸素流量の設定指示が口頭のみでカルテに反映されていなかった
697,2025-03-25,皮膚科,軽微,持参薬と院内処方薬の重複投与を服薬指導時に発見
698,2024-08-10,耳鼻咽喉科,軽微,透析終了後の止血時間が通常より短く追加圧迫
699,2024-02-09,手術室,重大,在宅酸素療法導入時の患者教育で確認項目が不足
700,2023-05-30,脳神経外科,軽微,夜間のラウンド予定時刻が 30 分遅れた
701,2025-01-01,ICU,軽微,車椅子移乗時のブレーキ確認が省略された
702,2024-11-02,整形外科,中等,褥瘡処置の体位変換記録が 1 勤務帯抜けた
703,2023-07-26,循環器内科,軽微,輸液ポンプの流量設定が誤って設定され数分後に是正
704,2024-12-13,整形外科,軽微,食事にアレルゲンが含まれるおそれがあり配膳前に交換
705,2025-01-28,呼吸器内科,軽微,クロピドグレル の禁忌併用薬の確認が処方時に不十分だった
706,2023-08-20,腫瘍内科,軽微,屯用 ランソプラゾール の投与理由の記録が後日となった
707,2023-12-05,眼科,軽微,看護記録の入力が勤務時間内に完了しなかった
708,2025-02-28,透析室,軽微,心電図モニターの電極外れで一時波形が欠落した
709,2025-08-09,救急外来,軽微,酸素流量の設定指示が口頭のみでカルテに反映されていなかった
710,2025-06-20,リハビリ室,軽微,人工呼吸器の加温加湿器の水位確認が 6 時間以上抜けた
711,2023-11-25,脳神経外科,軽微,腹膜透析液の加温が不十分で患者が冷感を訴えた
712,2025-02-26,ICU,中等,手術室入室前の患者識別バンド確認で一部手順が省略された
713,2024-07-01,皮膚科,中等,酸素流量の設定指示が口頭のみでカルテに反映されていなかった
714,2023-02-08,救急外来,軽微,糖尿病患者の体重測定が勤務交代時間帯に抜けた
715,2025-08-14,外科病棟,重大,心電図検査のコード貼付位置が一時誤った
716,2025-03-17,リハビリ室,軽微,退院時処方の薬剤本数が処方箋と相違し薬剤師が修正
717,2025-09-12,脳神経外科,中等,モルヒネ と カルバペネム を取り違えて準備したが投与前に発見
718,2025-08-08,精神科病棟,軽微,糖尿病食のカロリー設定が一時的に標準食となっていた
719,2024-07-10,内視鏡室,軽微,リハビリプログラムの負荷設定が患者体調と合わず途中で中止
720,2023-05-18,内視鏡室,軽微,胃管挿入後の位置確認が聴診のみで X 線確認が省略された
721,2025-04-08,CCU,軽微,医師の指示が電子カルテに反映されるのが翌日となった
722,2024-04-14,腫瘍内科,軽微,カテーテル抜去時の圧迫時間が通常より短かった
723,2023-01-15,皮膚科,軽微,内視鏡検査前の絶食確認で前夜の服薬履歴が不明瞭
724,2024-08-04,耳鼻咽喉科,中等,注射針のリキャップを一部で行ってしまった
725,2024-09-17,腫瘍内科,中等,放射線被曝防護エプロンの保管状態が不適切だった
726,2024-03-13,内視鏡室,軽微,HD 患者が病室のトイレで転倒したが外傷なし
727,2023-07-09,透析室,軽微,酸素流量の設定指示が口頭のみでカルテに反映されていなかった
728,2023-09-12,内科病棟,軽微,手術部位マーキングが術前最終確認で薄く再マーキングした
729,2024-04-02,麻酔科,軽微,異常値アラートに対する対応が勤務交代のため遅れた
730,2023-11-06,呼吸器内科,中等,シタグリプチン と フロセミド を取り違えて準備したが投与前に発見
731,2024-12-10,小児科,軽微,持参薬と院内処方薬の重複投与を服薬指導時に発見
732,2024-04-21,脳神経外科,軽微,看護記録の入力が勤務時間内に完了しなかった
733,2024-05-29,眼科,中等,医師指示の口頭受けで復唱確認が一部省略された
734,2023-05-01,腫瘍内科,重大,内視鏡検査前の絶食確認で前夜の服薬履歴が不明瞭
735,2024-01-12,血液内科,軽微,夜間のラウンド予定時刻が 30 分遅れた
736,2023-05-17,リハビリ室,軽微,退院時処方の薬剤本数が処方箋と相違し薬剤師が修正
737,2024-09-12,手術室,軽微,心電図モニターの電極外れで一時波形が欠落した
738,2025-07-23,リハビリ室,中等,在宅酸素療法導入時の患者教育で確認項目が不足
739,2024-11-11,産婦人科,中等,看護記録の入力が勤務時間内に完了しなかった
740,2025-02-11,血液内科,中等,オピオイドの向精神薬管理簿記入が時刻抜けで後から追記
741,2024-06-22,薬剤部,軽微,検査オーダーの入力ミスで項目が 1 つ抜けていた
742,2023-03-21,呼吸器内科,軽微,ヘパリンロックの濃度計算を確認後に是正
743,2024-07-14,内視鏡室,軽微,C. difficile 感染疑い患者の隔離対応が初動で遅延
744,2023-06-03,救急外来,軽微,針刺し事故の報告が勤務交代後となった
745,2024-03-28,CCU,中等,病歴記録の修正履歴が一部残らなかった
746,2024-08-20,リハビリ室,軽微,サージカルマスクの着用方法が一部職員で不適切だった
747,2024-04-01,泌尿器科,軽微,末梢静脈ルート確保時の血管損傷で再穿刺となった
748,2024-06-09,検査部,軽微,点滴残量の確認が時間通り行われず予定より 45 分超過した
749,2024-04-18,耳鼻咽喉科,中等,家族への病状説明記録が口頭のみで文書化されていなかった
750,2023-01-23,放射線科,軽微,人工呼吸器装着患者への アトルバスタチン の投与量誤りを準備段階で発見し再確認した
751,2024-08-15,ICU,軽微,MRI 検査前の金属チェックで持参品確認が直前となった
752,2024-12-18,ICU,軽微,点滴残量の確認が時間通り行われず予定より 14 分超過した
753,2025-08-14,リハビリ室,軽微,夜間帯に糖尿病患者がベッドから転落しセンサーマットで検知
754,2025-02-26,透析室,中等,医師の指示が電子カルテに反映されるのが翌日となった
755,2024-10-23,検査部,軽微,透析終了後の止血時間が通常より短く追加圧迫
756,2024-01-27,薬剤部,中等,腹膜透析液の加温が不十分で患者が冷感を訴えた
757,2024-01-22,放射線科,軽微,クラーク業務の記録集計に漏れがあり翌日訂正
758,2024-11-08,循環器内科,軽微,病棟間の患者移送時にベッド IV ライン固定が不十分だった
759,2023-12-23,CCU,軽微,C. difficile 感染疑い患者の隔離対応が初動で遅延
760,2024-02-07,内視鏡室,軽微,創部ドレッシング交換の頻度指示を誤って解釈した
761,2025-05-04,内科病棟,中等,手術患者の当日検査結果が術直前に判明
762,2024-04-19,耳鼻咽喉科,中等,転倒リスク評価表の更新が 1 週間滞っていた
763,2024-06-28,放射線科,中等,手術器械のカウント確認で 1 度数え直しが発生
764,2024-04-16,手術室,軽微,胃管挿入後の位置確認が聴診のみで X 線確認が省略された
765,2025-08-17,皮膚科,中等,ランソプラゾール の処方変更指示が前日の内容のまま更新されていなかった
766,2024-09-21,麻酔科,重大,透析中の血圧低下に対する対応が 5 分遅れた
767,2023-09-04,産婦人科,軽微,血糖測定器の校正期限切れに気づかず測定した
768,2023-02-04,薬剤部,軽微,転棟時の情報提供書の記載漏れがあり追記した
769,2025-06-12,外科病棟,軽微,救急搬送患者への配薬時に同室患者の薬袋を一時的に持参しそうになった
770,2024-03-25,小児科,軽微,院外処方箋発行時に屯用薬の指示回数が抜けていた
771,2025-06-03,麻酔科,軽微,感染性廃棄物の分別が一部で不適切だった
772,2023-10-24,小児科,中等,医師の指示が電子カルテに反映されるのが翌日となった
773,2024-08-12,精神科病棟,軽微,外来予約の日時案内に誤りがあり電話で再案内
774,2024-11-19,精神科病棟,軽微,COPD 患者の酸素流量設定が申し送りと異なっていた
775,2023-05-27,耳鼻咽喉科,軽微,夜間帯にがん患者がベッドから転落しセンサーマットで検知
776,2023-10-09,外科病棟,軽微,吸引器のチューブ交換時刻の記録漏れ
777,2025-06-19,皮膚科,重大,輸血前の照合で血液型表示を読み上げ確認が一部省略された
778,2024-11-26,検査部,軽微,ゾルピデム の禁忌併用薬の確認が処方時に不十分だった
779,2025-08-22,腫瘍内科,中等,小児患者の体重換算投与量の二重確認が省略された
780,2024-06-21,精神科病棟,中等,夜間帯にICU 患者がベッドから転落しセンサーマットで検知
781,2023-11-04,放射線科,軽微,C. difficile 感染疑い患者の隔離対応が初動で遅延
782,2024-04-29,小児科,中等,手術患者の当日検査結果が術直前に判明
783,2025-05-28,眼科,軽微,トイレ歩行時のナースコール押下が間に合わず転倒リスク発生
784,2025-07-25,外科病棟,軽微,クラーク業務の記録集計に漏れがあり翌日訂正
785,2024-03-02,循環器内科,軽微,凝固検体のシリカ管混入が疑われ再採血
786,2023-09-06,整形外科,軽微,糖尿病食のカロリー設定が一時的に標準食となっていた
787,2023-03-22,薬剤部,中等,与薬時の 6R 確認のうち指示書の再確認が一部省略された
788,2024-07-02,皮膚科,中等,アセトアミノフェン の禁忌併用薬の確認が処方時に不十分だった
789,2024-01-22,耳鼻咽喉科,軽微,化学療法患者への配薬時に同室患者の薬袋を一時的に持参しそうになった
790,2023-03-16,産婦人科,中等,吸引器のチューブ交換時刻の記録漏れ
791,2025-01-11,耳鼻咽喉科,軽微,手指衛生の確認表で記入漏れが散見された
792,2023-08-02,精神科病棟,軽微,腹膜透析液の加温が不十分で患者が冷感を訴えた
793,2023-01-16,産婦人科,重大,クラーク業務の記録集計に漏れがあり翌日訂正
794,2025-01-29,CCU,中等,院外処方箋発行時に屯用薬の指示回数が抜けていた
795,2024-05-05,小児科,中等,転棟時の情報提供書の記載漏れがあり追記した
796,2023-07-29,放射線科,重大,心電図モニターの電極外れで一時波形が欠落した
797,2023-11-26,麻酔科,軽微,トイレ歩行時のナースコール押下が間に合わず転倒リスク発生
798,2024-06-30,腫瘍内科,軽微,術中出血量の記録が集計時点で相違したため再確認
799,2024-01-04,内視鏡室,中等,トイレ歩行時のナースコール押下が間に合わず転倒リスク発生
800,2023-04-11,泌尿器科,重大,ベッド柵の上げ忘れが朝巡回で発見された
801,2025-02-18,精神科病棟,重大,病理検体の固定液が不足していたが搬送前に補充
802,2023-11-17,検査部,軽微,病棟間の患者移送時にベッド IV ライン固定が不十分だった
803,2023-08-15,皮膚科,軽微,術中出血量の記録が集計時点で相違したため再確認
804,2024-07-20,呼吸器内科,軽微,離床センサーの電池切れで機能していなかった
805,2023-10-30,透析室,軽微,手術室入室前の患者識別バンド確認で一部手順が省略された
806,2024-01-24,呼吸器内科,中等,隔離室入室時のガウンテクニックで手順が省略された
807,2024-07-17,腫瘍内科,重大,採血管の順番を誤ったが検査結果に影響なし
808,2023-09-21,麻酔科,中等,クラーク業務の記録集計に漏れがあり翌日訂正
809,2025-01-10,腫瘍内科,中等,点滴スタンドの車輪固定が不十分で転倒リスクとなった
810,2023-06-22,皮膚科,中等,採血時に駆血帯を 2 分以上巻いたまま放置した
811,2023-05-24,皮膚科,軽微,カテーテル抜去時の圧迫時間が通常より短かった
812,2025-07-27,循環器内科,重大,夜間のラウンド予定時刻が 30 分遅れた
813,2023-03-02,内視鏡室,軽微,インスリン自己注射の手技確認が退院前に十分行われなかった
814,2023-03-18,耳鼻咽喉科,軽微,慢性腎不全患者への プレドニゾロン の投与量誤りを準備段階で発見し再確認した
815,2025-05-12,腫瘍内科,軽微,転棟時の情報提供書の記載漏れがあり追記した
816,2023-06-04,内科病棟,軽微,点滴スタンドの車輪固定が不十分で転倒リスクとなった
817,2024-01-18,外科病棟,軽微,輸血後副作用モニタリングの記録が 30 分後に集約
818,2025-08-14,血液内科,重大,アレルギー食品表記のダブルチェックが抜けた
819,2024-05-14,内科病棟,軽微,心電図モニターの電極外れで一時波形が欠落した
820,2024-02-26,内科病棟,軽微,家族への病状説明記録が口頭のみで文書化されていなかった
821,2023-10-09,循環器内科,重大,ミダゾラム の投与時刻が指示より 119 分遅れた
822,2024-12-15,耳鼻咽喉科,軽微,リハビリプログラムの負荷設定が患者体調と合わず途中で中止
823,2025-07-20,救急外来,軽微,屯用 クロピドグレル の投与理由の記録が後日となった
824,2023-06-02,小児科,軽微,MRSA 保菌患者の情報共有が転棟時に遅れた
825,2023-09-16,手術室,軽微,心電図検査のコード貼付位置が一時誤った
826,2023-03-22,手術室,重大,点滴スタンドの車輪固定が不十分で転倒リスクとなった
827,2024-08-01,小児科,重大,創部ドレッシング交換の頻度指示を誤って解釈した
828,2023-11-04,耳鼻咽喉科,中等,オピオイドの向精神薬管理簿記入が時刻抜けで後から追記
829,2024-10-31,腫瘍内科,中等,与薬時の 6R 確認のうち指示書の再確認が一部省略された
830,2024-02-20,放射線科,軽微,ベッド柵の上げ忘れが朝巡回で発見された
831,2023-02-27,腫瘍内科,軽微,採血時に駆血帯を 2 分以上巻いたまま放置した
832,2023-03-26,リハビリ室,中等,糖尿病食のカロリー設定が一時的に標準食となっていた
833,2025-03-14,精神科病棟,軽微,糖尿病患者の食前血糖測定が一度抜けた
834,2025-09-24,CCU,中等,経管栄養剤の投与速度を誤って設定したが早期発見
835,2023-02-13,小児科,軽微,心不全患者の in-out バランス記録が 4 時間抜けた
836,2024-12-09,呼吸器内科,軽微,小児患者への配薬時に同室患者の薬袋を一時的に持参しそうになった
837,2024-12-01,整形外科,中等,人工呼吸器の日常点検記録が 1 日抜けていた
838,2023-07-03,精神科病棟,軽微,吸引カテーテルのサイズが指示と異なるまま使用
839,2024-08-24,透析室,中等,病歴記録の修正履歴が一部残らなかった
840,2025-04-20,放射線科,重大,手術患者の当日検査結果が術直前に判明
841,2023-06-16,呼吸器内科,軽微,ヘパリンロックの濃度計算を確認後に是正
842,2025-05-19,放射線科,中等,血液浄化装置のアラームへの初動が 2 分遅れた
843,2025-02-12,皮膚科,軽微,医師指示の口頭受けで復唱確認が一部省略された
844,2025-01-11,ICU,軽微,入院診療計画書の家族サインが後日となった
845,2023-12-21,外科病棟,軽微,手術室入室前の患者識別バンド確認で一部手順が省略された
846,2025-05-08,ICU,軽微,外来予約の日時案内に誤りがあり電話で再案内
847,2024-09-20,血液内科,軽微,産科での新生児沐浴時の湯温確認が手順通りでなかった
848,2023-12-01,内科病棟,軽微,小児患者の体重換算投与量の二重確認が省略された
849,2024-04-06,リハビリ室,軽微,心電図モニターの電極外れで一時波形が欠落した
850,2025-08-21,放射線科,軽微,看護記録の入力が勤務時間内に完了しなかった
851,2024-08-22,耳鼻咽喉科,軽微,外来予約の日時案内に誤りがあり電話で再案内
852,2024-09-25,脳神経外科,中等,病歴記録の修正履歴が一部残らなかった
853,2023-03-17,ICU,軽微,超音波検査室への患者移送が予約時刻に 30 分遅れた
854,2023-06-07,皮膚科,軽微,検査オーダーの入力ミスで項目が 1 つ抜けていた
855,2023-04-20,ICU,軽微,検体採取ラベルの貼り間違いに気づき採取し直した
856,2024-03-31,手術室,中等,散剤秤量時の計量誤差が再計量で是正された
857,2023-05-16,ICU,軽微,深夜帯に認知症患者が徘徊し病室から離れた
858,2024-07-24,循環器内科,軽微,散剤秤量時の計量誤差が再計量で是正された
859,2023-01-27,ICU,軽微,与薬時の 6R 確認のうち指示書の再確認が一部省略された
860,2024-09-03,血液内科,中等,病棟間の患者移送時にベッド IV ライン固定が不十分だった
861,2024-01-30,内科病棟,軽微,凝固検体のシリカ管混入が疑われ再採血
862,2025-03-08,ICU,中等,輸液ポンプの流量設定が誤って設定され数分後に是正
863,2025-07-15,小児科,軽微,採血時に駆血帯を 2 分以上巻いたまま放置した
864,2024-12-02,放射線科,軽微,麻酔導入時の薬剤準備で 2 アンプル多く準備された
865,2023-11-05,整形外科,軽微,経口薬の粉砕可否確認が与薬直前まで行われていなかった
866,2023-06-21,検査部,軽微,手術患者の当日検査結果が術直前に判明
867,2024-05-10,泌尿器科,軽微,術前絶飲食指示の時間が予定より短く再確認
868,2025-08-24,小児科,中等,隔離室入室時のガウンテクニックで手順が省略された
869,2024-08-31,血液内科,軽微,散剤秤量時の計量誤差が再計量で是正された
870,2023-05-19,脳神経外科,軽微,心電図検査のコード貼付位置が一時誤った
871,2023-12-07,血液内科,軽微,病棟間の患者移送時にベッド IV ライン固定が不十分だった
872,2023-12-04,薬剤部,軽微,抗がん剤調製時の密閉環境の確認手順が一部省略された
873,2025-04-23,腫瘍内科,重大,中心静脈カテーテルの固定テープが緩み再固定した
874,2023-11-04,精神科病棟,軽微,医師指示の口頭受けで復唱確認が一部省略された
875,2023-07-25,リハビリ室,軽微,クラーク業務の記録集計に漏れがあり翌日訂正
876,2024-02-12,精神科病棟,軽微,医師指示の口頭受けで復唱確認が一部省略された
877,2024-10-10,リハビリ室,重大,小児患者の体重換算投与量の二重確認が省略された
878,2023-09-06,精神科病棟,軽微,抗がん剤調製時の密閉環境の確認手順が一部省略された
879,2025-03-15,放射線科,軽微,酸素流量の設定指示が口頭のみでカルテに反映されていなかった
880,2024-07-31,産婦人科,軽微,シリンジポンプのアラームへの初動が 3 分遅れた
881,2025-02-25,循環器内科,軽微,医師の指示が電子カルテに反映されるのが翌日となった
882,2024-04-17,眼科,軽微,在宅酸素療法導入時の患者教育で確認項目が不足
883,2023-10-26,眼科,軽微,インスリン自己注射の手技確認が退院前に十分行われなかった
884,2025-03-25,泌尿器科,軽微,隔離室入室時のガウンテクニックで手順が省略された
885,2023-05-23,腫瘍内科,軽微,術前絶飲食指示の時間が予定より短く再確認
886,2024-11-05,透析室,中等,リハビリ中に血圧測定を予定通り行えず後回しとなった
887,2024-01-22,ICU,軽微,血糖測定器の校正期限切れに気づかず測定した
888,2024-05-05,呼吸器内科,軽微,感染性廃棄物の分別が一部で不適切だった
889,2025-08-03,眼科,軽微,フロセミド の処方変更指示が前日の内容のまま更新されていなかった
890,2024-12-19,泌尿器科,軽微,とろみ付き食事の指示が当日配膳時に徹底されていなかった
891,2025-07-25,ICU,軽微,手術器械のカウント確認で 1 度数え直しが発生
892,2024-11-04,耳鼻咽喉科,軽微,糖尿病食のカロリー設定が一時的に標準食となっていた
893,2024-09-19,外科病棟,軽微,糖尿病食のカロリー設定が一時的に標準食となっていた
894,2024-11-24,腫瘍内科,軽微,院外処方箋発行時に屯用薬の指示回数が抜けていた
895,2023-12-06,泌尿器科,軽微,カルバペネム と シタグリプチン を取り違えて準備したが投与前に発見
896,2023-08-16,内視鏡室,中等,輸液ポンプの流量設定が誤って設定され数分後に是正
897,2024-08-17,眼科,軽微,深夜帯に認知症患者が徘徊し病室から離れた
898,2024-01-19,放射線科,軽微,勤務交代時の申し送りで抗菌薬開始情報が抜けていた
899,2024-08-25,眼科,軽微,MRI 検査前の金属チェックで持参品確認が直前となった
900,2023-01-26,リハビリ室,軽微,離床センサーの電池切れで機能していなかった
901,2025-07-31,ICU,軽微,リハビリプログラムの負荷設定が患者体調と合わず途中で中止
902,2025-01-17,透析室,軽微,採血管の順番を誤ったが検査結果に影響なし
903,2024-04-11,泌尿器科,軽微,手指衛生の確認表で記入漏れが散見された
904,2023-12-23,リハビリ室,軽微,家族への病状説明記録が口頭のみで文書化されていなかった
905,2024-12-14,薬剤部,軽微,手術患者の当日検査結果が術直前に判明
906,2023-02-15,泌尿器科,中等,ジアゼパム の投与時刻が指示より 97 分遅れた
907,2023-04-22,耳鼻咽喉科,中等,酸素流量の設定指示が口頭のみでカルテに反映されていなかった
908,2025-01-28,小児科,軽微,心電図モニターの電極外れで一時波形が欠落した
909,2023-06-13,精神科病棟,軽微,夜間のラウンド予定時刻が 30 分遅れた
910,2024-04-18,小児科,中等,輸血前の照合で血液型表示を読み上げ確認が一部省略された
911,2023-07-08,救急外来,軽微,救急搬送患者の離床時に付き添いが不足した
912,2023-01-30,皮膚科,軽微,人工呼吸器の加温加湿器の水位確認が 7 時間以上抜けた
913,2024-08-29,検査部,軽微,転棟時の情報提供書の記載漏れがあり追記した
914,2023-08-08,産婦人科,軽微,転棟時の情報提供書の記載漏れがあり追記した
915,2025-04-08,泌尿器科,軽微,散剤秤量時の計量誤差が再計量で是正された
916,2025-03-29,循環器内科,軽微,画像検査結果の所見伝達が主治医まで届くのに 1 日要した
917,2023-07-21,薬剤部,軽微,輸血後副作用モニタリングの記録が 30 分後に集約
918,2025-06-02,リハビリ室,軽微,とろみ付き食事の指示が当日配膳時に徹底されていなかった
919,2023-11-17,血液内科,軽微,心電図検査のコード貼付位置が一時誤った
920,2024-08-24,CCU,軽微,インスリン自己注射の手技確認が退院前に十分行われなかった
921,2024-04-13,血液内科,軽微,勤務交代時の申し送りで抗菌薬開始情報が抜けていた
922,2024-12-23,泌尿器科,軽微,食事にアレルゲンが含まれるおそれがあり配膳前に交換
923,2024-08-27,ICU,中等,血液培養のボトル数が指示と異なり追加採取した
924,2023-05-01,小児科,軽微,カテーテル抜去時の圧迫時間が通常より短かった
925,2024-01-18,眼科,軽微,凝固検体のシリカ管混入が疑われ再採血
926,2024-03-04,血液内科,軽微,凝固検体のシリカ管混入が疑われ再採血
927,2024-03-09,救急外来,軽微,C. difficile 感染疑い患者の隔離対応が初動で遅延
928,2024-12-11,腫瘍内科,重大,注射針のリキャップを一部で行ってしまった
929,2024-07-22,救急外来,軽微,中心静脈カテーテルの固定テープが緩み再固定した
930,2023-07-11,精神科病棟,中等,絶食指示が医師から口頭のみで伝達され朝食が配膳された
931,2023-02-24,手術室,重大,接触感染予防策の個人防護具着用順序が逸脱した
932,2023-05-20,産婦人科,中等,クラーク業務の記録集計に漏れがあり翌日訂正
933,2024-07-29,内視鏡室,中等,夜間帯にHD 患者がベッドから転落しセンサーマットで検知
934,2024-05-18,検査部,中等,車椅子移乗時のブレーキ確認が省略された
935,2024-05-15,救急外来,軽微,夜勤帯に 高血圧患者の点滴更新が遅れ翌朝に気づいた
936,2025-02-18,小児科,軽微,手術室申し送り時に患者アレルギー情報が口頭のみだった
937,2023-08-19,循環器内科,軽微,産科での新生児沐浴時の湯温確認が手順通りでなかった
938,2024-04-13,呼吸器内科,中等,外来予約の日時案内に誤りがあり電話で再案内
939,2024-05-22,循環器内科,軽微,除細動器のバッテリー残量確認が当直交代時に抜けた
940,2023-04-27,整形外科,中等,放射線被曝防護エプロンの保管状態が不適切だった
941,2024-01-11,循環器内科,中等,気管切開患者への配薬時に同室患者の薬袋を一時的に持参しそうになった
942,2025-01-06,薬剤部,軽微,転倒リスク評価表の更新が 1 週間滞っていた
943,2023-04-15,皮膚科,中等,院外処方箋発行時に屯用薬の指示回数が抜けていた
944,2023-09-11,脳神経外科,中等,ノルアドレナリン の処方変更指示が前日の内容のまま更新されていなかった
945,2023-09-27,手術室,中等,与薬時の 6R 確認のうち指示書の再確認が一部省略された
946,2024-03-25,CCU,中等,手術部位マーキングが術前最終確認で薄く再マーキングした
947,2023-08-03,泌尿器科,中等,医師指示の口頭受けで復唱確認が一部省略された
948,2023-12-26,眼科,軽微,転倒リスク評価表の更新が 1 週間滞っていた
949,2023-06-19,血液内科,軽微,吸引カテーテルのサイズが指示と異なるまま使用
950,2025-04-13,産婦人科,中等,血液浄化装置の日常点検記録が 1 日抜けていた
951,2024-06-29,整形外科,軽微,採血時に駆血帯を 2 分以上巻いたまま放置した
952,2023-11-28,眼科,軽微,除細動器のバッテリー残量確認が当直交代時に抜けた
953,2023-10-01,内視鏡室,重大,勤務交代時の申し送りで抗菌薬開始情報が抜けていた
954,2025-04-14,CCU,軽微,院外処方箋発行時に屯用薬の指示回数が抜けていた
955,2025-03-15,検査部,重大,手術室申し送り時に患者アレルギー情報が口頭のみだった
956,2025-06-06,腫瘍内科,軽微,病棟間の患者移送時にベッド IV ライン固定が不十分だった
957,2023-05-16,小児科,軽微,画像検査結果の所見伝達が主治医まで届くのに 1 日要した
958,2025-04-28,小児科,中等,勤務交代時の申し送りで抗菌薬開始情報が抜けていた
959,2024-02-07,リハビリ室,軽微,輸血前の照合で血液型表示を読み上げ確認が一部省略された
960,2023-10-03,腫瘍内科,軽微,深夜帯に認知症患者が徘徊し病室から離れた
961,2023-03-19,腫瘍内科,中等,外来予約の日時案内に誤りがあり電話で再案内
962,2023-04-06,放射線科,軽微,手術室申し送り時に患者アレルギー情報が口頭のみだった
963,2024-12-12,手術室,軽微,接触感染予防策の個人防護具着用順序が逸脱した
964,2023-12-02,呼吸器内科,軽微,産科での新生児沐浴時の湯温確認が手順通りでなかった
965,2025-05-17,皮膚科,軽微,入院診療計画書の家族サインが後日となった
966,2024-04-14,腫瘍内科,中等,CT 造影剤のアレルギー歴確認が検査直前に見落とされそうになった
967,2025-05-20,ICU,中等,心電図検査のコード貼付位置が一時誤った
968,2023-08-12,検査部,中等,隔離室入室時のガウンテクニックで手順が省略された
969,2023-10-02,精神科病棟,中等,採血管の順番を誤ったが検査結果に影響なし
970,2024-07-14,呼吸器内科,軽微,糖尿病患者の食前血糖測定が一度抜けた
971,2024-05-11,泌尿器科,軽微,看護記録の入力が勤務時間内に完了しなかった
972,2025-02-19,外科病棟,軽微,輸血前の照合で血液型表示を読み上げ確認が一部省略された
973,2025-03-13,薬剤部,軽微,経管栄養施行中の頭位挙上が一時的に不十分だった
974,2025-05-28,救急外来,軽微,慢性腎不全患者への ビソプロロール の投与量誤りを準備段階で発見し再確認した
975,2024-12-06,透析室,中等,手術患者の当日検査結果が術直前に判明
976,2023-06-12,整形外科,軽微,検査オーダーの入力ミスで項目が 1 つ抜けていた
977,2023-09-14,ICU,軽微,HD 患者のドライウェイト変更指示が前勤務帯で反映されなかった
978,2024-10-26,救急外来,軽微,輸血前の照合で血液型表示を読み上げ確認が一部省略された
979,2023-11-09,皮膚科,中等,手術室入室前の患者識別バンド確認で一部手順が省略された
980,2024-03-15,腫瘍内科,軽微,屯用 アスピリン の投与理由の記録が後日となった
981,2023-08-07,リハビリ室,軽微,吸引器のチューブ交換時刻の記録漏れ
982,2023-08-20,内視鏡室,中等,アスピリン と ジアゼパム を取り違えて準備したが投与前に発見
983,2025-04-16,CCU,重大,転倒リスク評価表の更新が 1 週間滞っていた
984,2024-12-11,透析室,軽微,手術室入室前の患者識別バンド確認で一部手順が省略された
985,2024-01-28,ICU,中等,散剤秤量時の計量誤差が再計量で是正された
986,2023-04-16,精神科病棟,軽微,手術患者の当日検査結果が術直前に判明
987,2023-05-21,放射線科,中等,院外処方箋発行時に屯用薬の指示回数が抜けていた
988,2025-06-14,透析室,軽微,勤務交代時の申し送りで抗菌薬開始情報が抜けていた
989,2023-05-27,ICU,軽微,メトトレキサート と ノルアドレナリン を取り違えて準備したが投与前に発見
990,2023-12-26,皮膚科,軽微,退院時処方の薬剤本数が処方箋と相違し薬剤師が修正
991,2023-06-05,検査部,軽微,車椅子移乗時のブレーキ確認が省略された
992,2025-05-30,産婦人科,軽微,屯用 プレドニゾロン の投与理由の記録が後日となった
993,2025-02-09,CCU,軽微,凝固検体のシリカ管混入が疑われ再採血
994,2023-12-26,検査部,軽微,中心静脈カテーテルの固定テープが緩み再固定した
995,2023-09-11,整形外科,軽微,手術器械のカウント確認で 1 度数え直しが発生
996,2024-07-20,血液内科,軽微,血圧計のカフサイズが患者サイズに合わず再測定
997,2023-10-19,麻酔科,重大,夜勤帯に 化学療法患者の点滴更新が遅れ翌朝に気づいた
998,2025-05-17,耳鼻咽喉科,中等,吸引カテーテルのサイズが指示と異なるまま使用
999,2024-06-14,血液内科,軽微,退院時処方の薬剤本数が処方箋と相違し薬剤師が修正
1000,2024-02-06,脳神経外科,軽微,小児患者の体重換算投与量の二重確認が省略された
